date,date,number_of_reviews,year
2009-12-21,2009-12-21,1,2009
2010-03-21,2010-03-21,1,2010
2010-03-29,2010-03-29,1,2010
2010-04-14,2010-04-14,1,2010
2010-05-09,2010-05-09,2,2010
2010-05-15,2010-05-15,1,2010
2010-05-23,2010-05-23,1,2010
2010-05-31,2010-05-31,1,2010
2010-06-01,2010-06-01,1,2010
2010-06-14,2010-06-14,1,2010
2010-06-15,2010-06-15,1,2010
2010-06-17,2010-06-17,1,2010
2010-06-20,2010-06-20,1,2010
2010-06-22,2010-06-22,1,2010
2010-06-23,2010-06-23,1,2010
2010-06-25,2010-06-25,1,2010
2010-06-28,2010-06-28,2,2010
2010-07-01,2010-07-01,1,2010
2010-07-06,2010-07-06,1,2010
2010-07-10,2010-07-10,1,2010
2010-07-17,2010-07-17,1,2010
2010-07-18,2010-07-18,1,2010
2010-07-21,2010-07-21,1,2010
2010-07-22,2010-07-22,1,2010
2010-07-24,2010-07-24,1,2010
2010-07-25,2010-07-25,1,2010
2010-08-01,2010-08-01,1,2010
2010-08-11,2010-08-11,1,2010
2010-08-15,2010-08-15,1,2010
2010-08-16,2010-08-16,1,2010
2010-08-17,2010-08-17,2,2010
2010-08-18,2010-08-18,1,2010
2010-08-22,2010-08-22,1,2010
2010-08-29,2010-08-29,1,2010
2010-08-31,2010-08-31,1,2010
2010-09-01,2010-09-01,1,2010
2010-09-03,2010-09-03,1,2010
2010-09-04,2010-09-04,2,2010
2010-09-11,2010-09-11,2,2010
2010-09-13,2010-09-13,1,2010
2010-09-14,2010-09-14,2,2010
2010-09-15,2010-09-15,3,2010
2010-09-16,2010-09-16,1,2010
2010-09-18,2010-09-18,1,2010
2010-09-20,2010-09-20,1,2010
2010-09-22,2010-09-22,3,2010
2010-09-23,2010-09-23,2,2010
2010-09-24,2010-09-24,1,2010
2010-09-25,2010-09-25,1,2010
2010-09-26,2010-09-26,1,2010
2010-09-27,2010-09-27,2,2010
2010-09-28,2010-09-28,2,2010
2010-09-29,2010-09-29,2,2010
2010-10-02,2010-10-02,2,2010
2010-10-03,2010-10-03,1,2010
2010-10-04,2010-10-04,1,2010
2010-10-05,2010-10-05,3,2010
2010-10-06,2010-10-06,3,2010
2010-10-07,2010-10-07,1,2010
2010-10-09,2010-10-09,1,2010
2010-10-10,2010-10-10,1,2010
2010-10-11,2010-10-11,7,2010
2010-10-13,2010-10-13,1,2010
2010-10-15,2010-10-15,1,2010
2010-10-16,2010-10-16,1,2010
2010-10-17,2010-10-17,4,2010
2010-10-18,2010-10-18,3,2010
2010-10-19,2010-10-19,3,2010
2010-10-20,2010-10-20,2,2010
2010-10-22,2010-10-22,3,2010
2010-10-24,2010-10-24,4,2010
2010-10-25,2010-10-25,2,2010
2010-10-27,2010-10-27,1,2010
2010-10-28,2010-10-28,2,2010
2010-10-30,2010-10-30,2,2010
2010-10-31,2010-10-31,1,2010
2010-11-01,2010-11-01,5,2010
2010-11-02,2010-11-02,3,2010
2010-11-04,2010-11-04,1,2010
2010-11-05,2010-11-05,2,2010
2010-11-06,2010-11-06,3,2010
2010-11-07,2010-11-07,1,2010
2010-11-08,2010-11-08,1,2010
2010-11-09,2010-11-09,1,2010
2010-11-10,2010-11-10,2,2010
2010-11-12,2010-11-12,2,2010
2010-11-13,2010-11-13,1,2010
2010-11-14,2010-11-14,1,2010
2010-11-15,2010-11-15,1,2010
2010-11-16,2010-11-16,2,2010
2010-11-17,2010-11-17,3,2010
2010-11-18,2010-11-18,1,2010
2010-11-20,2010-11-20,1,2010
2010-11-21,2010-11-21,2,2010
2010-11-22,2010-11-22,1,2010
2010-11-23,2010-11-23,1,2010
2010-11-24,2010-11-24,2,2010
2010-11-25,2010-11-25,1,2010
2010-11-26,2010-11-26,2,2010
2010-11-27,2010-11-27,2,2010
2010-11-29,2010-11-29,2,2010
2010-11-30,2010-11-30,2,2010
2010-12-03,2010-12-03,1,2010
2010-12-04,2010-12-04,1,2010
2010-12-05,2010-12-05,1,2010
2010-12-06,2010-12-06,1,2010
2010-12-09,2010-12-09,1,2010
2010-12-11,2010-12-11,1,2010
2010-12-13,2010-12-13,5,2010
2010-12-17,2010-12-17,3,2010
2010-12-18,2010-12-18,1,2010
2010-12-19,2010-12-19,1,2010
2010-12-20,2010-12-20,3,2010
2010-12-27,2010-12-27,1,2010
2010-12-28,2010-12-28,2,2010
2010-12-29,2010-12-29,2,2010
2010-12-30,2010-12-30,1,2010
2010-12-31,2010-12-31,4,2010
2011-01-02,2011-01-02,2,2011
2011-01-03,2011-01-03,3,2011
2011-01-04,2011-01-04,4,2011
2011-01-05,2011-01-05,1,2011
2011-01-06,2011-01-06,2,2011
2011-01-07,2011-01-07,2,2011
2011-01-08,2011-01-08,1,2011
2011-01-10,2011-01-10,2,2011
2011-01-11,2011-01-11,1,2011
2011-01-12,2011-01-12,1,2011
2011-01-14,2011-01-14,2,2011
2011-01-15,2011-01-15,1,2011
2011-01-16,2011-01-16,1,2011
2011-01-17,2011-01-17,3,2011
2011-01-18,2011-01-18,1,2011
2011-01-20,2011-01-20,2,2011
2011-01-21,2011-01-21,2,2011
2011-01-23,2011-01-23,2,2011
2011-01-25,2011-01-25,2,2011
2011-02-02,2011-02-02,1,2011
2011-02-06,2011-02-06,1,2011
2011-02-07,2011-02-07,1,2011
2011-02-10,2011-02-10,2,2011
2011-02-12,2011-02-12,1,2011
2011-02-13,2011-02-13,1,2011
2011-02-14,2011-02-14,2,2011
2011-02-21,2011-02-21,2,2011
2011-02-24,2011-02-24,1,2011
2011-02-25,2011-02-25,1,2011
2011-03-02,2011-03-02,2,2011
2011-03-04,2011-03-04,1,2011
2011-03-05,2011-03-05,3,2011
2011-03-06,2011-03-06,2,2011
2011-03-07,2011-03-07,3,2011
2011-03-08,2011-03-08,2,2011
2011-03-09,2011-03-09,2,2011
2011-03-10,2011-03-10,1,2011
2011-03-11,2011-03-11,1,2011
2011-03-12,2011-03-12,2,2011
2011-03-14,2011-03-14,2,2011
2011-03-15,2011-03-15,3,2011
2011-03-16,2011-03-16,2,2011
2011-03-17,2011-03-17,1,2011
2011-03-18,2011-03-18,1,2011
2011-03-19,2011-03-19,1,2011
2011-03-21,2011-03-21,5,2011
2011-03-22,2011-03-22,1,2011
2011-03-23,2011-03-23,1,2011
2011-03-24,2011-03-24,1,2011
2011-03-25,2011-03-25,2,2011
2011-03-26,2011-03-26,1,2011
2011-03-27,2011-03-27,1,2011
2011-03-28,2011-03-28,4,2011
2011-03-29,2011-03-29,3,2011
2011-03-30,2011-03-30,2,2011
2011-04-01,2011-04-01,4,2011
2011-04-02,2011-04-02,2,2011
2011-04-03,2011-04-03,2,2011
2011-04-04,2011-04-04,4,2011
2011-04-05,2011-04-05,1,2011
2011-04-06,2011-04-06,3,2011
2011-04-07,2011-04-07,2,2011
2011-04-08,2011-04-08,1,2011
2011-04-09,2011-04-09,1,2011
2011-04-10,2011-04-10,1,2011
2011-04-11,2011-04-11,3,2011
2011-04-12,2011-04-12,4,2011
2011-04-13,2011-04-13,3,2011
2011-04-15,2011-04-15,4,2011
2011-04-16,2011-04-16,3,2011
2011-04-17,2011-04-17,1,2011
2011-04-18,2011-04-18,4,2011
2011-04-19,2011-04-19,4,2011
2011-04-21,2011-04-21,4,2011
2011-04-22,2011-04-22,2,2011
2011-04-23,2011-04-23,3,2011
2011-04-24,2011-04-24,1,2011
2011-04-25,2011-04-25,2,2011
2011-04-26,2011-04-26,6,2011
2011-04-27,2011-04-27,3,2011
2011-04-28,2011-04-28,1,2011
2011-04-29,2011-04-29,3,2011
2011-04-30,2011-04-30,2,2011
2011-05-01,2011-05-01,3,2011
2011-05-02,2011-05-02,4,2011
2011-05-03,2011-05-03,3,2011
2011-05-04,2011-05-04,1,2011
2011-05-05,2011-05-05,2,2011
2011-05-07,2011-05-07,3,2011
2011-05-08,2011-05-08,3,2011
2011-05-09,2011-05-09,2,2011
2011-05-10,2011-05-10,2,2011
2011-05-11,2011-05-11,2,2011
2011-05-12,2011-05-12,2,2011
2011-05-13,2011-05-13,2,2011
2011-05-14,2011-05-14,1,2011
2011-05-15,2011-05-15,2,2011
2011-05-16,2011-05-16,10,2011
2011-05-17,2011-05-17,6,2011
2011-05-18,2011-05-18,3,2011
2011-05-19,2011-05-19,4,2011
2011-05-20,2011-05-20,5,2011
2011-05-21,2011-05-21,2,2011
2011-05-22,2011-05-22,5,2011
2011-05-23,2011-05-23,3,2011
2011-05-24,2011-05-24,3,2011
2011-05-26,2011-05-26,2,2011
2011-05-27,2011-05-27,3,2011
2011-05-28,2011-05-28,1,2011
2011-05-29,2011-05-29,7,2011
2011-05-30,2011-05-30,6,2011
2011-05-31,2011-05-31,10,2011
2011-06-02,2011-06-02,2,2011
2011-06-03,2011-06-03,2,2011
2011-06-04,2011-06-04,2,2011
2011-06-05,2011-06-05,5,2011
2011-06-06,2011-06-06,4,2011
2011-06-07,2011-06-07,4,2011
2011-06-08,2011-06-08,2,2011
2011-06-09,2011-06-09,1,2011
2011-06-10,2011-06-10,5,2011
2011-06-11,2011-06-11,2,2011
2011-06-12,2011-06-12,4,2011
2011-06-13,2011-06-13,4,2011
2011-06-14,2011-06-14,1,2011
2011-06-15,2011-06-15,4,2011
2011-06-16,2011-06-16,3,2011
2011-06-17,2011-06-17,8,2011
2011-06-18,2011-06-18,3,2011
2011-06-19,2011-06-19,1,2011
2011-06-20,2011-06-20,2,2011
2011-06-21,2011-06-21,8,2011
2011-06-22,2011-06-22,2,2011
2011-06-23,2011-06-23,4,2011
2011-06-24,2011-06-24,5,2011
2011-06-25,2011-06-25,1,2011
2011-06-26,2011-06-26,8,2011
2011-06-27,2011-06-27,6,2011
2011-06-28,2011-06-28,4,2011
2011-06-29,2011-06-29,3,2011
2011-06-30,2011-06-30,5,2011
2011-07-01,2011-07-01,3,2011
2011-07-02,2011-07-02,7,2011
2011-07-03,2011-07-03,8,2011
2011-07-04,2011-07-04,11,2011
2011-07-05,2011-07-05,7,2011
2011-07-06,2011-07-06,4,2011
2011-07-07,2011-07-07,9,2011
2011-07-08,2011-07-08,5,2011
2011-07-09,2011-07-09,8,2011
2011-07-10,2011-07-10,3,2011
2011-07-11,2011-07-11,7,2011
2011-07-12,2011-07-12,4,2011
2011-07-13,2011-07-13,5,2011
2011-07-14,2011-07-14,2,2011
2011-07-15,2011-07-15,5,2011
2011-07-16,2011-07-16,4,2011
2011-07-17,2011-07-17,9,2011
2011-07-18,2011-07-18,5,2011
2011-07-19,2011-07-19,6,2011
2011-07-20,2011-07-20,7,2011
2011-07-21,2011-07-21,2,2011
2011-07-22,2011-07-22,2,2011
2011-07-23,2011-07-23,10,2011
2011-07-24,2011-07-24,5,2011
2011-07-25,2011-07-25,6,2011
2011-07-26,2011-07-26,3,2011
2011-07-27,2011-07-27,2,2011
2011-07-28,2011-07-28,5,2011
2011-07-29,2011-07-29,2,2011
2011-07-30,2011-07-30,6,2011
2011-07-31,2011-07-31,3,2011
2011-08-01,2011-08-01,7,2011
2011-08-02,2011-08-02,5,2011
2011-08-03,2011-08-03,3,2011
2011-08-04,2011-08-04,3,2011
2011-08-05,2011-08-05,3,2011
2011-08-06,2011-08-06,3,2011
2011-08-07,2011-08-07,3,2011
2011-08-08,2011-08-08,7,2011
2011-08-09,2011-08-09,5,2011
2011-08-10,2011-08-10,3,2011
2011-08-11,2011-08-11,2,2011
2011-08-12,2011-08-12,4,2011
2011-08-13,2011-08-13,6,2011
2011-08-14,2011-08-14,9,2011
2011-08-15,2011-08-15,5,2011
2011-08-16,2011-08-16,5,2011
2011-08-17,2011-08-17,5,2011
2011-08-18,2011-08-18,2,2011
2011-08-19,2011-08-19,4,2011
2011-08-20,2011-08-20,6,2011
2011-08-21,2011-08-21,2,2011
2011-08-22,2011-08-22,7,2011
2011-08-23,2011-08-23,6,2011
2011-08-24,2011-08-24,3,2011
2011-08-25,2011-08-25,2,2011
2011-08-26,2011-08-26,3,2011
2011-08-27,2011-08-27,6,2011
2011-08-28,2011-08-28,5,2011
2011-08-29,2011-08-29,8,2011
2011-08-30,2011-08-30,5,2011
2011-08-31,2011-08-31,5,2011
2011-09-01,2011-09-01,9,2011
2011-09-02,2011-09-02,3,2011
2011-09-03,2011-09-03,2,2011
2011-09-04,2011-09-04,2,2011
2011-09-05,2011-09-05,6,2011
2011-09-06,2011-09-06,3,2011
2011-09-07,2011-09-07,2,2011
2011-09-08,2011-09-08,6,2011
2011-09-09,2011-09-09,3,2011
2011-09-10,2011-09-10,2,2011
2011-09-11,2011-09-11,6,2011
2011-09-12,2011-09-12,7,2011
2011-09-13,2011-09-13,13,2011
2011-09-14,2011-09-14,4,2011
2011-09-15,2011-09-15,6,2011
2011-09-16,2011-09-16,5,2011
2011-09-17,2011-09-17,6,2011
2011-09-18,2011-09-18,7,2011
2011-09-19,2011-09-19,7,2011
2011-09-20,2011-09-20,5,2011
2011-09-21,2011-09-21,5,2011
2011-09-22,2011-09-22,7,2011
2011-09-23,2011-09-23,7,2011
2011-09-24,2011-09-24,8,2011
2011-09-25,2011-09-25,6,2011
2011-09-26,2011-09-26,8,2011
2011-09-27,2011-09-27,6,2011
2011-09-28,2011-09-28,3,2011
2011-09-29,2011-09-29,7,2011
2011-09-30,2011-09-30,6,2011
2011-10-01,2011-10-01,7,2011
2011-10-02,2011-10-02,8,2011
2011-10-03,2011-10-03,5,2011
2011-10-04,2011-10-04,8,2011
2011-10-05,2011-10-05,5,2011
2011-10-06,2011-10-06,7,2011
2011-10-07,2011-10-07,8,2011
2011-10-08,2011-10-08,6,2011
2011-10-09,2011-10-09,4,2011
2011-10-10,2011-10-10,7,2011
2011-10-11,2011-10-11,13,2011
2011-10-12,2011-10-12,5,2011
2011-10-13,2011-10-13,8,2011
2011-10-14,2011-10-14,3,2011
2011-10-16,2011-10-16,12,2011
2011-10-17,2011-10-17,10,2011
2011-10-18,2011-10-18,7,2011
2011-10-19,2011-10-19,3,2011
2011-10-20,2011-10-20,6,2011
2011-10-21,2011-10-21,4,2011
2011-10-22,2011-10-22,11,2011
2011-10-23,2011-10-23,2,2011
2011-10-24,2011-10-24,6,2011
2011-10-25,2011-10-25,8,2011
2011-10-26,2011-10-26,3,2011
2011-10-27,2011-10-27,7,2011
2011-10-28,2011-10-28,4,2011
2011-10-29,2011-10-29,9,2011
2011-10-30,2011-10-30,6,2011
2011-11-01,2011-11-01,18,2011
2011-11-02,2011-11-02,4,2011
2011-11-03,2011-11-03,11,2011
2011-11-04,2011-11-04,6,2011
2011-11-05,2011-11-05,3,2011
2011-11-06,2011-11-06,4,2011
2011-11-07,2011-11-07,6,2011
2011-11-08,2011-11-08,6,2011
2011-11-09,2011-11-09,3,2011
2011-11-10,2011-11-10,1,2011
2011-11-11,2011-11-11,6,2011
2011-11-12,2011-11-12,10,2011
2011-11-13,2011-11-13,6,2011
2011-11-14,2011-11-14,10,2011
2011-11-15,2011-11-15,8,2011
2011-11-16,2011-11-16,5,2011
2011-11-17,2011-11-17,6,2011
2011-11-18,2011-11-18,2,2011
2011-11-19,2011-11-19,3,2011
2011-11-20,2011-11-20,8,2011
2011-11-21,2011-11-21,9,2011
2011-11-22,2011-11-22,5,2011
2011-11-23,2011-11-23,3,2011
2011-11-24,2011-11-24,3,2011
2011-11-25,2011-11-25,3,2011
2011-11-26,2011-11-26,9,2011
2011-11-27,2011-11-27,5,2011
2011-11-28,2011-11-28,20,2011
2011-11-29,2011-11-29,5,2011
2011-11-30,2011-11-30,1,2011
2011-12-01,2011-12-01,5,2011
2011-12-02,2011-12-02,5,2011
2011-12-03,2011-12-03,4,2011
2011-12-04,2011-12-04,5,2011
2011-12-05,2011-12-05,7,2011
2011-12-06,2011-12-06,8,2011
2011-12-07,2011-12-07,3,2011
2011-12-08,2011-12-08,5,2011
2011-12-09,2011-12-09,6,2011
2011-12-10,2011-12-10,7,2011
2011-12-11,2011-12-11,5,2011
2011-12-12,2011-12-12,13,2011
2011-12-13,2011-12-13,7,2011
2011-12-14,2011-12-14,4,2011
2011-12-15,2011-12-15,1,2011
2011-12-16,2011-12-16,8,2011
2011-12-17,2011-12-17,7,2011
2011-12-18,2011-12-18,3,2011
2011-12-19,2011-12-19,7,2011
2011-12-20,2011-12-20,6,2011
2011-12-21,2011-12-21,7,2011
2011-12-22,2011-12-22,3,2011
2011-12-23,2011-12-23,3,2011
2011-12-24,2011-12-24,2,2011
2011-12-25,2011-12-25,3,2011
2011-12-27,2011-12-27,2,2011
2011-12-28,2011-12-28,5,2011
2011-12-29,2011-12-29,4,2011
2011-12-30,2011-12-30,6,2011
2011-12-31,2011-12-31,8,2011
2012-01-01,2012-01-01,5,2012
2012-01-02,2012-01-02,4,2012
2012-01-03,2012-01-03,13,2012
2012-01-04,2012-01-04,8,2012
2012-01-06,2012-01-06,12,2012
2012-01-07,2012-01-07,5,2012
2012-01-08,2012-01-08,4,2012
2012-01-09,2012-01-09,9,2012
2012-01-10,2012-01-10,4,2012
2012-01-11,2012-01-11,1,2012
2012-01-12,2012-01-12,1,2012
2012-01-13,2012-01-13,7,2012
2012-01-14,2012-01-14,5,2012
2012-01-15,2012-01-15,7,2012
2012-01-16,2012-01-16,7,2012
2012-01-17,2012-01-17,4,2012
2012-01-18,2012-01-18,1,2012
2012-01-19,2012-01-19,3,2012
2012-01-20,2012-01-20,2,2012
2012-01-21,2012-01-21,1,2012
2012-01-22,2012-01-22,1,2012
2012-01-23,2012-01-23,6,2012
2012-01-25,2012-01-25,3,2012
2012-01-26,2012-01-26,6,2012
2012-01-27,2012-01-27,2,2012
2012-01-28,2012-01-28,5,2012
2012-01-29,2012-01-29,6,2012
2012-01-30,2012-01-30,6,2012
2012-01-31,2012-01-31,7,2012
2012-02-01,2012-02-01,4,2012
2012-02-02,2012-02-02,3,2012
2012-02-03,2012-02-03,1,2012
2012-02-04,2012-02-04,1,2012
2012-02-05,2012-02-05,4,2012
2012-02-06,2012-02-06,4,2012
2012-02-07,2012-02-07,5,2012
2012-02-08,2012-02-08,1,2012
2012-02-09,2012-02-09,3,2012
2012-02-10,2012-02-10,3,2012
2012-02-11,2012-02-11,3,2012
2012-02-12,2012-02-12,3,2012
2012-02-13,2012-02-13,5,2012
2012-02-14,2012-02-14,4,2012
2012-02-15,2012-02-15,2,2012
2012-02-16,2012-02-16,6,2012
2012-02-17,2012-02-17,3,2012
2012-02-18,2012-02-18,2,2012
2012-02-19,2012-02-19,4,2012
2012-02-20,2012-02-20,9,2012
2012-02-21,2012-02-21,10,2012
2012-02-22,2012-02-22,6,2012
2012-02-24,2012-02-24,3,2012
2012-02-26,2012-02-26,8,2012
2012-02-27,2012-02-27,6,2012
2012-02-28,2012-02-28,16,2012
2012-03-01,2012-03-01,7,2012
2012-03-02,2012-03-02,3,2012
2012-03-03,2012-03-03,1,2012
2012-03-04,2012-03-04,5,2012
2012-03-05,2012-03-05,8,2012
2012-03-06,2012-03-06,8,2012
2012-03-07,2012-03-07,7,2012
2012-03-08,2012-03-08,1,2012
2012-03-09,2012-03-09,5,2012
2012-03-10,2012-03-10,5,2012
2012-03-11,2012-03-11,5,2012
2012-03-12,2012-03-12,5,2012
2012-03-13,2012-03-13,15,2012
2012-03-14,2012-03-14,6,2012
2012-03-15,2012-03-15,6,2012
2012-03-17,2012-03-17,11,2012
2012-03-18,2012-03-18,7,2012
2012-03-19,2012-03-19,13,2012
2012-03-20,2012-03-20,11,2012
2012-03-21,2012-03-21,7,2012
2012-03-22,2012-03-22,8,2012
2012-03-23,2012-03-23,5,2012
2012-03-24,2012-03-24,8,2012
2012-03-25,2012-03-25,5,2012
2012-03-26,2012-03-26,91,2012
2012-03-27,2012-03-27,216,2012
2012-03-28,2012-03-28,10,2012
2012-03-29,2012-03-29,11,2012
2012-03-30,2012-03-30,9,2012
2012-03-31,2012-03-31,12,2012
2012-04-01,2012-04-01,6,2012
2012-04-02,2012-04-02,14,2012
2012-04-03,2012-04-03,11,2012
2012-04-04,2012-04-04,10,2012
2012-04-05,2012-04-05,13,2012
2012-04-06,2012-04-06,9,2012
2012-04-07,2012-04-07,7,2012
2012-04-08,2012-04-08,7,2012
2012-04-09,2012-04-09,11,2012
2012-04-10,2012-04-10,3,2012
2012-04-11,2012-04-11,6,2012
2012-04-12,2012-04-12,21,2012
2012-04-13,2012-04-13,12,2012
2012-04-14,2012-04-14,7,2012
2012-04-15,2012-04-15,10,2012
2012-04-16,2012-04-16,48,2012
2012-04-17,2012-04-17,10,2012
2012-04-18,2012-04-18,5,2012
2012-04-19,2012-04-19,11,2012
2012-04-20,2012-04-20,9,2012
2012-04-21,2012-04-21,17,2012
2012-04-22,2012-04-22,8,2012
2012-04-23,2012-04-23,25,2012
2012-04-24,2012-04-24,5,2012
2012-04-25,2012-04-25,24,2012
2012-04-26,2012-04-26,18,2012
2012-04-27,2012-04-27,7,2012
2012-04-28,2012-04-28,15,2012
2012-04-29,2012-04-29,13,2012
2012-04-30,2012-04-30,30,2012
2012-05-01,2012-05-01,33,2012
2012-05-02,2012-05-02,19,2012
2012-05-03,2012-05-03,18,2012
2012-05-04,2012-05-04,9,2012
2012-05-05,2012-05-05,10,2012
2012-05-06,2012-05-06,16,2012
2012-05-07,2012-05-07,19,2012
2012-05-08,2012-05-08,15,2012
2012-05-09,2012-05-09,12,2012
2012-05-10,2012-05-10,10,2012
2012-05-11,2012-05-11,16,2012
2012-05-12,2012-05-12,12,2012
2012-05-13,2012-05-13,10,2012
2012-05-14,2012-05-14,26,2012
2012-05-15,2012-05-15,25,2012
2012-05-16,2012-05-16,11,2012
2012-05-17,2012-05-17,12,2012
2012-05-18,2012-05-18,13,2012
2012-05-19,2012-05-19,19,2012
2012-05-20,2012-05-20,22,2012
2012-05-21,2012-05-21,29,2012
2012-05-22,2012-05-22,24,2012
2012-05-23,2012-05-23,23,2012
2012-05-24,2012-05-24,22,2012
2012-05-25,2012-05-25,20,2012
2012-05-26,2012-05-26,15,2012
2012-05-27,2012-05-27,20,2012
2012-05-28,2012-05-28,27,2012
2012-05-29,2012-05-29,28,2012
2012-05-30,2012-05-30,11,2012
2012-05-31,2012-05-31,14,2012
2012-06-01,2012-06-01,13,2012
2012-06-02,2012-06-02,16,2012
2012-06-03,2012-06-03,17,2012
2012-06-04,2012-06-04,13,2012
2012-06-05,2012-06-05,15,2012
2012-06-06,2012-06-06,13,2012
2012-06-07,2012-06-07,13,2012
2012-06-08,2012-06-08,9,2012
2012-06-09,2012-06-09,15,2012
2012-06-10,2012-06-10,13,2012
2012-06-11,2012-06-11,25,2012
2012-06-12,2012-06-12,13,2012
2012-06-13,2012-06-13,13,2012
2012-06-14,2012-06-14,14,2012
2012-06-15,2012-06-15,12,2012
2012-06-16,2012-06-16,23,2012
2012-06-17,2012-06-17,14,2012
2012-06-18,2012-06-18,24,2012
2012-06-19,2012-06-19,24,2012
2012-06-20,2012-06-20,15,2012
2012-06-21,2012-06-21,16,2012
2012-06-22,2012-06-22,11,2012
2012-06-23,2012-06-23,13,2012
2012-06-24,2012-06-24,13,2012
2012-06-25,2012-06-25,22,2012
2012-06-26,2012-06-26,17,2012
2012-06-27,2012-06-27,22,2012
2012-06-28,2012-06-28,17,2012
2012-06-29,2012-06-29,20,2012
2012-06-30,2012-06-30,19,2012
2012-07-01,2012-07-01,27,2012
2012-07-02,2012-07-02,33,2012
2012-07-03,2012-07-03,11,2012
2012-07-04,2012-07-04,15,2012
2012-07-05,2012-07-05,26,2012
2012-07-06,2012-07-06,17,2012
2012-07-07,2012-07-07,19,2012
2012-07-08,2012-07-08,13,2012
2012-07-09,2012-07-09,37,2012
2012-07-10,2012-07-10,26,2012
2012-07-11,2012-07-11,22,2012
2012-07-12,2012-07-12,10,2012
2012-07-13,2012-07-13,19,2012
2012-07-14,2012-07-14,24,2012
2012-07-15,2012-07-15,17,2012
2012-07-16,2012-07-16,27,2012
2012-07-17,2012-07-17,28,2012
2012-07-18,2012-07-18,20,2012
2012-07-19,2012-07-19,15,2012
2012-07-20,2012-07-20,15,2012
2012-07-21,2012-07-21,11,2012
2012-07-22,2012-07-22,19,2012
2012-07-23,2012-07-23,24,2012
2012-07-24,2012-07-24,15,2012
2012-07-25,2012-07-25,12,2012
2012-07-26,2012-07-26,10,2012
2012-07-27,2012-07-27,13,2012
2012-07-28,2012-07-28,20,2012
2012-07-29,2012-07-29,16,2012
2012-07-30,2012-07-30,20,2012
2012-07-31,2012-07-31,22,2012
2012-08-01,2012-08-01,21,2012
2012-08-02,2012-08-02,16,2012
2012-08-03,2012-08-03,10,2012
2012-08-04,2012-08-04,27,2012
2012-08-05,2012-08-05,26,2012
2012-08-06,2012-08-06,31,2012
2012-08-07,2012-08-07,31,2012
2012-08-08,2012-08-08,28,2012
2012-08-09,2012-08-09,16,2012
2012-08-10,2012-08-10,26,2012
2012-08-11,2012-08-11,26,2012
2012-08-12,2012-08-12,21,2012
2012-08-13,2012-08-13,40,2012
2012-08-14,2012-08-14,34,2012
2012-08-15,2012-08-15,15,2012
2012-08-16,2012-08-16,23,2012
2012-08-17,2012-08-17,13,2012
2012-08-18,2012-08-18,16,2012
2012-08-19,2012-08-19,17,2012
2012-08-20,2012-08-20,21,2012
2012-08-21,2012-08-21,17,2012
2012-08-22,2012-08-22,19,2012
2012-08-23,2012-08-23,5,2012
2012-08-24,2012-08-24,12,2012
2012-08-25,2012-08-25,18,2012
2012-08-26,2012-08-26,20,2012
2012-08-27,2012-08-27,26,2012
2012-08-28,2012-08-28,23,2012
2012-08-29,2012-08-29,14,2012
2012-08-30,2012-08-30,10,2012
2012-08-31,2012-08-31,14,2012
2012-09-01,2012-09-01,23,2012
2012-09-02,2012-09-02,24,2012
2012-09-03,2012-09-03,23,2012
2012-09-04,2012-09-04,21,2012
2012-09-05,2012-09-05,16,2012
2012-09-06,2012-09-06,10,2012
2012-09-07,2012-09-07,20,2012
2012-09-08,2012-09-08,33,2012
2012-09-09,2012-09-09,15,2012
2012-09-10,2012-09-10,22,2012
2012-09-11,2012-09-11,37,2012
2012-09-12,2012-09-12,4,2012
2012-09-13,2012-09-13,5,2012
2012-09-14,2012-09-14,50,2012
2012-09-15,2012-09-15,8,2012
2012-09-16,2012-09-16,5,2012
2012-09-17,2012-09-17,71,2012
2012-09-18,2012-09-18,26,2012
2012-09-19,2012-09-19,19,2012
2012-09-20,2012-09-20,18,2012
2012-09-21,2012-09-21,24,2012
2012-09-22,2012-09-22,23,2012
2012-09-23,2012-09-23,25,2012
2012-09-24,2012-09-24,43,2012
2012-09-25,2012-09-25,23,2012
2012-09-26,2012-09-26,27,2012
2012-09-27,2012-09-27,29,2012
2012-09-28,2012-09-28,22,2012
2012-09-29,2012-09-29,24,2012
2012-09-30,2012-09-30,20,2012
2012-10-01,2012-10-01,64,2012
2012-10-02,2012-10-02,25,2012
2012-10-03,2012-10-03,28,2012
2012-10-04,2012-10-04,27,2012
2012-10-05,2012-10-05,16,2012
2012-10-06,2012-10-06,28,2012
2012-10-07,2012-10-07,23,2012
2012-10-08,2012-10-08,52,2012
2012-10-09,2012-10-09,35,2012
2012-10-10,2012-10-10,22,2012
2012-10-11,2012-10-11,24,2012
2012-10-12,2012-10-12,24,2012
2012-10-13,2012-10-13,33,2012
2012-10-14,2012-10-14,33,2012
2012-10-15,2012-10-15,54,2012
2012-10-16,2012-10-16,32,2012
2012-10-17,2012-10-17,27,2012
2012-10-18,2012-10-18,28,2012
2012-10-19,2012-10-19,28,2012
2012-10-20,2012-10-20,33,2012
2012-10-21,2012-10-21,26,2012
2012-10-22,2012-10-22,53,2012
2012-10-23,2012-10-23,5,2012
2012-10-24,2012-10-24,44,2012
2012-10-25,2012-10-25,20,2012
2012-10-26,2012-10-26,26,2012
2012-10-27,2012-10-27,31,2012
2012-10-28,2012-10-28,26,2012
2012-10-29,2012-10-29,48,2012
2012-10-30,2012-10-30,41,2012
2012-10-31,2012-10-31,24,2012
2012-11-01,2012-11-01,39,2012
2012-11-02,2012-11-02,26,2012
2012-11-03,2012-11-03,31,2012
2012-11-04,2012-11-04,48,2012
2012-11-05,2012-11-05,62,2012
2012-11-06,2012-11-06,1,2012
2012-11-07,2012-11-07,67,2012
2012-11-08,2012-11-08,27,2012
2012-11-09,2012-11-09,28,2012
2012-11-10,2012-11-10,33,2012
2012-11-11,2012-11-11,34,2012
2012-11-12,2012-11-12,43,2012
2012-11-13,2012-11-13,31,2012
2012-11-14,2012-11-14,8,2012
2012-11-15,2012-11-15,40,2012
2012-11-16,2012-11-16,37,2012
2012-11-17,2012-11-17,23,2012
2012-11-18,2012-11-18,27,2012
2012-11-19,2012-11-19,33,2012
2012-11-20,2012-11-20,25,2012
2012-11-21,2012-11-21,21,2012
2012-11-22,2012-11-22,20,2012
2012-11-23,2012-11-23,12,2012
2012-11-24,2012-11-24,21,2012
2012-11-25,2012-11-25,25,2012
2012-11-26,2012-11-26,50,2012
2012-11-27,2012-11-27,37,2012
2012-11-28,2012-11-28,22,2012
2012-11-29,2012-11-29,17,2012
2012-11-30,2012-11-30,15,2012
2012-12-01,2012-12-01,25,2012
2012-12-02,2012-12-02,22,2012
2012-12-03,2012-12-03,48,2012
2012-12-04,2012-12-04,33,2012
2012-12-05,2012-12-05,13,2012
2012-12-06,2012-12-06,19,2012
2012-12-08,2012-12-08,52,2012
2012-12-09,2012-12-09,24,2012
2012-12-11,2012-12-11,98,2012
2012-12-12,2012-12-12,19,2012
2012-12-13,2012-12-13,21,2012
2012-12-14,2012-12-14,17,2012
2012-12-15,2012-12-15,22,2012
2012-12-16,2012-12-16,20,2012
2012-12-17,2012-12-17,43,2012
2012-12-18,2012-12-18,17,2012
2012-12-19,2012-12-19,18,2012
2012-12-20,2012-12-20,20,2012
2012-12-21,2012-12-21,22,2012
2012-12-22,2012-12-22,19,2012
2012-12-23,2012-12-23,23,2012
2012-12-24,2012-12-24,17,2012
2012-12-25,2012-12-25,17,2012
2012-12-26,2012-12-26,6,2012
2012-12-27,2012-12-27,24,2012
2012-12-28,2012-12-28,8,2012
2012-12-29,2012-12-29,24,2012
2012-12-30,2012-12-30,20,2012
2012-12-31,2012-12-31,36,2012
2013-01-01,2013-01-01,25,2013
2013-01-02,2013-01-02,62,2013
2013-01-03,2013-01-03,60,2013
2013-01-04,2013-01-04,48,2013
2013-01-05,2013-01-05,33,2013
2013-01-06,2013-01-06,30,2013
2013-01-07,2013-01-07,30,2013
2013-01-08,2013-01-08,10,2013
2013-01-09,2013-01-09,17,2013
2013-01-10,2013-01-10,15,2013
2013-01-11,2013-01-11,12,2013
2013-01-12,2013-01-12,16,2013
2013-01-13,2013-01-13,9,2013
2013-01-14,2013-01-14,20,2013
2013-01-15,2013-01-15,15,2013
2013-01-16,2013-01-16,15,2013
2013-01-17,2013-01-17,16,2013
2013-01-18,2013-01-18,13,2013
2013-01-19,2013-01-19,21,2013
2013-01-20,2013-01-20,18,2013
2013-01-21,2013-01-21,28,2013
2013-01-22,2013-01-22,24,2013
2013-01-23,2013-01-23,16,2013
2013-01-24,2013-01-24,13,2013
2013-01-25,2013-01-25,18,2013
2013-01-26,2013-01-26,17,2013
2013-01-27,2013-01-27,9,2013
2013-01-28,2013-01-28,36,2013
2013-01-29,2013-01-29,21,2013
2013-01-30,2013-01-30,13,2013
2013-01-31,2013-01-31,14,2013
2013-02-01,2013-02-01,17,2013
2013-02-02,2013-02-02,23,2013
2013-02-03,2013-02-03,21,2013
2013-02-04,2013-02-04,40,2013
2013-02-05,2013-02-05,24,2013
2013-02-06,2013-02-06,13,2013
2013-02-07,2013-02-07,20,2013
2013-02-08,2013-02-08,20,2013
2013-02-09,2013-02-09,18,2013
2013-02-10,2013-02-10,22,2013
2013-02-11,2013-02-11,44,2013
2013-02-12,2013-02-12,32,2013
2013-02-13,2013-02-13,19,2013
2013-02-14,2013-02-14,22,2013
2013-02-15,2013-02-15,11,2013
2013-02-16,2013-02-16,31,2013
2013-02-17,2013-02-17,17,2013
2013-02-18,2013-02-18,42,2013
2013-02-19,2013-02-19,31,2013
2013-02-20,2013-02-20,19,2013
2013-02-22,2013-02-22,34,2013
2013-02-25,2013-02-25,2,2013
2013-02-26,2013-02-26,117,2013
2013-02-27,2013-02-27,12,2013
2013-02-28,2013-02-28,17,2013
2013-03-01,2013-03-01,20,2013
2013-03-02,2013-03-02,26,2013
2013-03-03,2013-03-03,26,2013
2013-03-04,2013-03-04,48,2013
2013-03-05,2013-03-05,32,2013
2013-03-06,2013-03-06,29,2013
2013-03-07,2013-03-07,26,2013
2013-03-08,2013-03-08,26,2013
2013-03-09,2013-03-09,31,2013
2013-03-10,2013-03-10,26,2013
2013-03-11,2013-03-11,64,2013
2013-03-12,2013-03-12,20,2013
2013-03-13,2013-03-13,18,2013
2013-03-14,2013-03-14,24,2013
2013-03-15,2013-03-15,28,2013
2013-03-16,2013-03-16,24,2013
2013-03-17,2013-03-17,40,2013
2013-03-18,2013-03-18,39,2013
2013-03-19,2013-03-19,36,2013
2013-03-20,2013-03-20,28,2013
2013-03-21,2013-03-21,27,2013
2013-03-22,2013-03-22,24,2013
2013-03-23,2013-03-23,36,2013
2013-03-24,2013-03-24,26,2013
2013-03-25,2013-03-25,55,2013
2013-03-26,2013-03-26,39,2013
2013-03-27,2013-03-27,28,2013
2013-03-28,2013-03-28,33,2013
2013-03-29,2013-03-29,30,2013
2013-03-30,2013-03-30,25,2013
2013-03-31,2013-03-31,36,2013
2013-04-01,2013-04-01,70,2013
2013-04-02,2013-04-02,65,2013
2013-04-03,2013-04-03,37,2013
2013-04-04,2013-04-04,40,2013
2013-04-05,2013-04-05,24,2013
2013-04-06,2013-04-06,33,2013
2013-04-07,2013-04-07,33,2013
2013-04-08,2013-04-08,56,2013
2013-04-09,2013-04-09,49,2013
2013-04-10,2013-04-10,30,2013
2013-04-11,2013-04-11,28,2013
2013-04-12,2013-04-12,38,2013
2013-04-13,2013-04-13,25,2013
2013-04-14,2013-04-14,29,2013
2013-04-15,2013-04-15,55,2013
2013-04-16,2013-04-16,42,2013
2013-04-17,2013-04-17,29,2013
2013-04-18,2013-04-18,28,2013
2013-04-19,2013-04-19,33,2013
2013-04-20,2013-04-20,32,2013
2013-04-21,2013-04-21,36,2013
2013-04-22,2013-04-22,85,2013
2013-04-23,2013-04-23,49,2013
2013-04-24,2013-04-24,35,2013
2013-04-25,2013-04-25,29,2013
2013-04-26,2013-04-26,38,2013
2013-04-27,2013-04-27,45,2013
2013-04-28,2013-04-28,51,2013
2013-04-29,2013-04-29,70,2013
2013-04-30,2013-04-30,52,2013
2013-05-01,2013-05-01,49,2013
2013-05-02,2013-05-02,38,2013
2013-05-03,2013-05-03,33,2013
2013-05-04,2013-05-04,74,2013
2013-05-05,2013-05-05,47,2013
2013-05-06,2013-05-06,75,2013
2013-05-07,2013-05-07,71,2013
2013-05-08,2013-05-08,36,2013
2013-05-09,2013-05-09,50,2013
2013-05-10,2013-05-10,52,2013
2013-05-11,2013-05-11,56,2013
2013-05-12,2013-05-12,57,2013
2013-05-13,2013-05-13,106,2013
2013-05-14,2013-05-14,81,2013
2013-05-15,2013-05-15,43,2013
2013-05-16,2013-05-16,41,2013
2013-05-17,2013-05-17,49,2013
2013-05-18,2013-05-18,46,2013
2013-05-19,2013-05-19,40,2013
2013-05-20,2013-05-20,72,2013
2013-05-21,2013-05-21,69,2013
2013-05-22,2013-05-22,43,2013
2013-05-23,2013-05-23,54,2013
2013-05-24,2013-05-24,45,2013
2013-05-25,2013-05-25,53,2013
2013-05-26,2013-05-26,36,2013
2013-05-27,2013-05-27,122,2013
2013-05-28,2013-05-28,107,2013
2013-05-29,2013-05-29,58,2013
2013-05-30,2013-05-30,32,2013
2013-05-31,2013-05-31,47,2013
2013-06-01,2013-06-01,54,2013
2013-06-02,2013-06-02,46,2013
2013-06-03,2013-06-03,73,2013
2013-06-04,2013-06-04,56,2013
2013-06-05,2013-06-05,41,2013
2013-06-06,2013-06-06,39,2013
2013-06-07,2013-06-07,51,2013
2013-06-08,2013-06-08,46,2013
2013-06-09,2013-06-09,56,2013
2013-06-10,2013-06-10,79,2013
2013-06-11,2013-06-11,61,2013
2013-06-12,2013-06-12,50,2013
2013-06-13,2013-06-13,58,2013
2013-06-14,2013-06-14,46,2013
2013-06-15,2013-06-15,66,2013
2013-06-16,2013-06-16,50,2013
2013-06-17,2013-06-17,78,2013
2013-06-18,2013-06-18,66,2013
2013-06-19,2013-06-19,43,2013
2013-06-20,2013-06-20,57,2013
2013-06-21,2013-06-21,46,2013
2013-06-22,2013-06-22,62,2013
2013-06-23,2013-06-23,60,2013
2013-06-24,2013-06-24,96,2013
2013-06-25,2013-06-25,84,2013
2013-06-26,2013-06-26,69,2013
2013-06-27,2013-06-27,78,2013
2013-06-28,2013-06-28,85,2013
2013-06-29,2013-06-29,103,2013
2013-06-30,2013-06-30,69,2013
2013-07-01,2013-07-01,127,2013
2013-07-02,2013-07-02,92,2013
2013-07-03,2013-07-03,51,2013
2013-07-04,2013-07-04,78,2013
2013-07-05,2013-07-05,59,2013
2013-07-06,2013-07-06,70,2013
2013-07-07,2013-07-07,68,2013
2013-07-08,2013-07-08,120,2013
2013-07-09,2013-07-09,95,2013
2013-07-10,2013-07-10,71,2013
2013-07-11,2013-07-11,67,2013
2013-07-12,2013-07-12,76,2013
2013-07-13,2013-07-13,67,2013
2013-07-14,2013-07-14,71,2013
2013-07-15,2013-07-15,112,2013
2013-07-16,2013-07-16,77,2013
2013-07-17,2013-07-17,54,2013
2013-07-18,2013-07-18,70,2013
2013-07-19,2013-07-19,62,2013
2013-07-20,2013-07-20,72,2013
2013-07-21,2013-07-21,59,2013
2013-07-22,2013-07-22,71,2013
2013-07-23,2013-07-23,60,2013
2013-07-24,2013-07-24,47,2013
2013-07-25,2013-07-25,65,2013
2013-07-26,2013-07-26,42,2013
2013-07-27,2013-07-27,67,2013
2013-07-28,2013-07-28,65,2013
2013-07-29,2013-07-29,73,2013
2013-07-30,2013-07-30,88,2013
2013-07-31,2013-07-31,48,2013
2013-08-01,2013-08-01,71,2013
2013-08-02,2013-08-02,61,2013
2013-08-03,2013-08-03,62,2013
2013-08-04,2013-08-04,48,2013
2013-08-05,2013-08-05,72,2013
2013-08-06,2013-08-06,62,2013
2013-08-07,2013-08-07,48,2013
2013-08-08,2013-08-08,48,2013
2013-08-09,2013-08-09,64,2013
2013-08-10,2013-08-10,48,2013
2013-08-11,2013-08-11,51,2013
2013-08-12,2013-08-12,74,2013
2013-08-13,2013-08-13,67,2013
2013-08-14,2013-08-14,52,2013
2013-08-15,2013-08-15,64,2013
2013-08-16,2013-08-16,65,2013
2013-08-17,2013-08-17,76,2013
2013-08-18,2013-08-18,60,2013
2013-08-19,2013-08-19,69,2013
2013-08-20,2013-08-20,66,2013
2013-08-21,2013-08-21,48,2013
2013-08-22,2013-08-22,50,2013
2013-08-23,2013-08-23,45,2013
2013-08-24,2013-08-24,58,2013
2013-08-25,2013-08-25,64,2013
2013-08-26,2013-08-26,84,2013
2013-08-27,2013-08-27,39,2013
2013-08-28,2013-08-28,66,2013
2013-08-29,2013-08-29,57,2013
2013-08-30,2013-08-30,43,2013
2013-08-31,2013-08-31,50,2013
2013-09-01,2013-09-01,48,2013
2013-09-02,2013-09-02,53,2013
2013-09-03,2013-09-03,54,2013
2013-09-04,2013-09-04,58,2013
2013-09-05,2013-09-05,59,2013
2013-09-06,2013-09-06,59,2013
2013-09-07,2013-09-07,56,2013
2013-09-08,2013-09-08,63,2013
2013-09-09,2013-09-09,96,2013
2013-09-10,2013-09-10,72,2013
2013-09-11,2013-09-11,63,2013
2013-09-13,2013-09-13,121,2013
2013-09-14,2013-09-14,120,2013
2013-09-15,2013-09-15,70,2013
2013-09-16,2013-09-16,109,2013
2013-09-17,2013-09-17,98,2013
2013-09-18,2013-09-18,72,2013
2013-09-19,2013-09-19,51,2013
2013-09-20,2013-09-20,67,2013
2013-09-21,2013-09-21,71,2013
2013-09-22,2013-09-22,73,2013
2013-09-23,2013-09-23,98,2013
2013-09-24,2013-09-24,69,2013
2013-09-25,2013-09-25,67,2013
2013-09-26,2013-09-26,60,2013
2013-09-27,2013-09-27,67,2013
2013-09-28,2013-09-28,81,2013
2013-09-29,2013-09-29,74,2013
2013-09-30,2013-09-30,133,2013
2013-10-01,2013-10-01,128,2013
2013-10-02,2013-10-02,66,2013
2013-10-03,2013-10-03,60,2013
2013-10-04,2013-10-04,47,2013
2013-10-05,2013-10-05,76,2013
2013-10-06,2013-10-06,57,2013
2013-10-07,2013-10-07,104,2013
2013-10-08,2013-10-08,91,2013
2013-10-09,2013-10-09,55,2013
2013-10-10,2013-10-10,60,2013
2013-10-11,2013-10-11,55,2013
2013-10-12,2013-10-12,78,2013
2013-10-13,2013-10-13,66,2013
2013-10-14,2013-10-14,121,2013
2013-10-15,2013-10-15,97,2013
2013-10-16,2013-10-16,49,2013
2013-10-17,2013-10-17,76,2013
2013-10-18,2013-10-18,79,2013
2013-10-19,2013-10-19,72,2013
2013-10-20,2013-10-20,77,2013
2013-10-21,2013-10-21,142,2013
2013-10-22,2013-10-22,89,2013
2013-10-23,2013-10-23,68,2013
2013-10-24,2013-10-24,76,2013
2013-10-25,2013-10-25,63,2013
2013-10-26,2013-10-26,66,2013
2013-10-27,2013-10-27,65,2013
2013-10-28,2013-10-28,134,2013
2013-10-29,2013-10-29,104,2013
2013-10-30,2013-10-30,70,2013
2013-10-31,2013-10-31,64,2013
2013-11-01,2013-11-01,73,2013
2013-11-02,2013-11-02,87,2013
2013-11-03,2013-11-03,99,2013
2013-11-04,2013-11-04,141,2013
2013-11-05,2013-11-05,83,2013
2013-11-06,2013-11-06,47,2013
2013-11-07,2013-11-07,54,2013
2013-11-08,2013-11-08,57,2013
2013-11-09,2013-11-09,58,2013
2013-11-10,2013-11-10,60,2013
2013-11-11,2013-11-11,115,2013
2013-11-12,2013-11-12,98,2013
2013-11-13,2013-11-13,46,2013
2013-11-14,2013-11-14,41,2013
2013-11-15,2013-11-15,45,2013
2013-11-16,2013-11-16,66,2013
2013-11-17,2013-11-17,47,2013
2013-11-18,2013-11-18,119,2013
2013-11-19,2013-11-19,68,2013
2013-11-20,2013-11-20,35,2013
2013-11-21,2013-11-21,52,2013
2013-11-22,2013-11-22,52,2013
2013-11-23,2013-11-23,51,2013
2013-11-24,2013-11-24,48,2013
2013-11-25,2013-11-25,112,2013
2013-11-26,2013-11-26,89,2013
2013-11-27,2013-11-27,49,2013
2013-11-28,2013-11-28,45,2013
2013-11-29,2013-11-29,61,2013
2013-11-30,2013-11-30,56,2013
2013-12-01,2013-12-01,71,2013
2013-12-02,2013-12-02,122,2013
2013-12-03,2013-12-03,93,2013
2013-12-04,2013-12-04,60,2013
2013-12-05,2013-12-05,32,2013
2013-12-06,2013-12-06,55,2013
2013-12-07,2013-12-07,58,2013
2013-12-08,2013-12-08,60,2013
2013-12-09,2013-12-09,116,2013
2013-12-10,2013-12-10,79,2013
2013-12-11,2013-12-11,53,2013
2013-12-12,2013-12-12,44,2013
2013-12-13,2013-12-13,37,2013
2013-12-14,2013-12-14,43,2013
2013-12-15,2013-12-15,34,2013
2013-12-16,2013-12-16,108,2013
2013-12-17,2013-12-17,67,2013
2013-12-18,2013-12-18,33,2013
2013-12-19,2013-12-19,40,2013
2013-12-20,2013-12-20,49,2013
2013-12-21,2013-12-21,42,2013
2013-12-22,2013-12-22,40,2013
2013-12-23,2013-12-23,55,2013
2013-12-24,2013-12-24,63,2013
2013-12-25,2013-12-25,31,2013
2013-12-26,2013-12-26,5,2013
2013-12-27,2013-12-27,51,2013
2013-12-28,2013-12-28,47,2013
2013-12-29,2013-12-29,46,2013
2013-12-30,2013-12-30,66,2013
2013-12-31,2013-12-31,60,2013
2014-01-01,2014-01-01,43,2014
2014-01-02,2014-01-02,150,2014
2014-01-03,2014-01-03,151,2014
2014-01-04,2014-01-04,115,2014
2014-01-05,2014-01-05,80,2014
2014-01-06,2014-01-06,93,2014
2014-01-07,2014-01-07,44,2014
2014-01-08,2014-01-08,32,2014
2014-01-09,2014-01-09,36,2014
2014-01-10,2014-01-10,37,2014
2014-01-11,2014-01-11,43,2014
2014-01-12,2014-01-12,29,2014
2014-01-13,2014-01-13,65,2014
2014-01-14,2014-01-14,29,2014
2014-01-15,2014-01-15,31,2014
2014-01-16,2014-01-16,31,2014
2014-01-17,2014-01-17,34,2014
2014-01-18,2014-01-18,42,2014
2014-01-19,2014-01-19,51,2014
2014-01-20,2014-01-20,76,2014
2014-01-21,2014-01-21,57,2014
2014-01-22,2014-01-22,27,2014
2014-01-23,2014-01-23,33,2014
2014-01-24,2014-01-24,33,2014
2014-01-25,2014-01-25,60,2014
2014-01-26,2014-01-26,53,2014
2014-01-27,2014-01-27,93,2014
2014-01-28,2014-01-28,58,2014
2014-01-29,2014-01-29,38,2014
2014-01-30,2014-01-30,19,2014
2014-01-31,2014-01-31,40,2014
2014-02-01,2014-02-01,49,2014
2014-02-02,2014-02-02,39,2014
2014-02-03,2014-02-03,106,2014
2014-02-04,2014-02-04,52,2014
2014-02-05,2014-02-05,26,2014
2014-02-06,2014-02-06,38,2014
2014-02-07,2014-02-07,41,2014
2014-02-08,2014-02-08,43,2014
2014-02-09,2014-02-09,49,2014
2014-02-10,2014-02-10,98,2014
2014-02-11,2014-02-11,52,2014
2014-02-12,2014-02-12,38,2014
2014-02-13,2014-02-13,38,2014
2014-02-14,2014-02-14,33,2014
2014-02-15,2014-02-15,42,2014
2014-02-16,2014-02-16,32,2014
2014-02-17,2014-02-17,94,2014
2014-02-18,2014-02-18,72,2014
2014-02-19,2014-02-19,52,2014
2014-02-20,2014-02-20,39,2014
2014-02-21,2014-02-21,51,2014
2014-02-22,2014-02-22,50,2014
2014-02-23,2014-02-23,71,2014
2014-02-24,2014-02-24,117,2014
2014-02-25,2014-02-25,64,2014
2014-02-26,2014-02-26,35,2014
2014-02-27,2014-02-27,38,2014
2014-02-28,2014-02-28,40,2014
2014-03-01,2014-03-01,66,2014
2014-03-02,2014-03-02,63,2014
2014-03-03,2014-03-03,103,2014
2014-03-04,2014-03-04,89,2014
2014-03-05,2014-03-05,55,2014
2014-03-06,2014-03-06,57,2014
2014-03-07,2014-03-07,58,2014
2014-03-08,2014-03-08,82,2014
2014-03-09,2014-03-09,74,2014
2014-03-10,2014-03-10,111,2014
2014-03-11,2014-03-11,71,2014
2014-03-12,2014-03-12,39,2014
2014-03-13,2014-03-13,50,2014
2014-03-14,2014-03-14,45,2014
2014-03-15,2014-03-15,58,2014
2014-03-16,2014-03-16,71,2014
2014-03-17,2014-03-17,130,2014
2014-03-18,2014-03-18,88,2014
2014-03-19,2014-03-19,49,2014
2014-03-20,2014-03-20,46,2014
2014-03-21,2014-03-21,61,2014
2014-03-22,2014-03-22,54,2014
2014-03-23,2014-03-23,51,2014
2014-03-24,2014-03-24,152,2014
2014-03-25,2014-03-25,81,2014
2014-03-26,2014-03-26,63,2014
2014-03-27,2014-03-27,47,2014
2014-03-28,2014-03-28,57,2014
2014-03-29,2014-03-29,80,2014
2014-03-30,2014-03-30,69,2014
2014-03-31,2014-03-31,141,2014
2014-04-01,2014-04-01,113,2014
2014-04-02,2014-04-02,69,2014
2014-04-03,2014-04-03,62,2014
2014-04-04,2014-04-04,54,2014
2014-04-05,2014-04-05,66,2014
2014-04-06,2014-04-06,68,2014
2014-04-07,2014-04-07,131,2014
2014-04-08,2014-04-08,99,2014
2014-04-09,2014-04-09,65,2014
2014-04-10,2014-04-10,58,2014
2014-04-11,2014-04-11,83,2014
2014-04-12,2014-04-12,87,2014
2014-04-13,2014-04-13,76,2014
2014-04-14,2014-04-14,191,2014
2014-04-15,2014-04-15,135,2014
2014-04-16,2014-04-16,98,2014
2014-04-17,2014-04-17,97,2014
2014-04-18,2014-04-18,89,2014
2014-04-19,2014-04-19,111,2014
2014-04-20,2014-04-20,119,2014
2014-04-21,2014-04-21,141,2014
2014-04-22,2014-04-22,163,2014
2014-04-23,2014-04-23,107,2014
2014-04-24,2014-04-24,70,2014
2014-04-25,2014-04-25,79,2014
2014-04-26,2014-04-26,99,2014
2014-04-27,2014-04-27,92,2014
2014-04-28,2014-04-28,151,2014
2014-04-29,2014-04-29,98,2014
2014-04-30,2014-04-30,64,2014
2014-05-01,2014-05-01,111,2014
2014-05-02,2014-05-02,117,2014
2014-05-03,2014-05-03,126,2014
2014-05-04,2014-05-04,125,2014
2014-05-05,2014-05-05,230,2014
2014-05-06,2014-05-06,183,2014
2014-05-07,2014-05-07,100,2014
2014-05-08,2014-05-08,81,2014
2014-05-09,2014-05-09,75,2014
2014-05-10,2014-05-10,109,2014
2014-05-11,2014-05-11,99,2014
2014-05-12,2014-05-12,181,2014
2014-05-13,2014-05-13,123,2014
2014-05-14,2014-05-14,80,2014
2014-05-15,2014-05-15,89,2014
2014-05-16,2014-05-16,93,2014
2014-05-17,2014-05-17,85,2014
2014-05-18,2014-05-18,82,2014
2014-05-19,2014-05-19,159,2014
2014-05-20,2014-05-20,114,2014
2014-05-21,2014-05-21,96,2014
2014-05-22,2014-05-22,93,2014
2014-05-23,2014-05-23,99,2014
2014-05-24,2014-05-24,86,2014
2014-05-25,2014-05-25,90,2014
2014-05-26,2014-05-26,157,2014
2014-05-27,2014-05-27,140,2014
2014-05-28,2014-05-28,83,2014
2014-05-29,2014-05-29,93,2014
2014-05-30,2014-05-30,79,2014
2014-05-31,2014-05-31,95,2014
2014-06-01,2014-06-01,140,2014
2014-06-02,2014-06-02,240,2014
2014-06-03,2014-06-03,140,2014
2014-06-04,2014-06-04,84,2014
2014-06-05,2014-06-05,83,2014
2014-06-06,2014-06-06,90,2014
2014-06-07,2014-06-07,87,2014
2014-06-08,2014-06-08,98,2014
2014-06-09,2014-06-09,167,2014
2014-06-10,2014-06-10,164,2014
2014-06-11,2014-06-11,117,2014
2014-06-12,2014-06-12,94,2014
2014-06-13,2014-06-13,97,2014
2014-06-14,2014-06-14,101,2014
2014-06-15,2014-06-15,114,2014
2014-06-16,2014-06-16,154,2014
2014-06-17,2014-06-17,142,2014
2014-06-18,2014-06-18,115,2014
2014-06-19,2014-06-19,115,2014
2014-06-20,2014-06-20,115,2014
2014-06-21,2014-06-21,116,2014
2014-06-22,2014-06-22,122,2014
2014-06-23,2014-06-23,181,2014
2014-06-24,2014-06-24,134,2014
2014-06-25,2014-06-25,101,2014
2014-06-26,2014-06-26,127,2014
2014-06-27,2014-06-27,150,2014
2014-06-28,2014-06-28,148,2014
2014-06-29,2014-06-29,140,2014
2014-06-30,2014-06-30,182,2014
2014-07-01,2014-07-01,162,2014
2014-07-02,2014-07-02,115,2014
2014-07-03,2014-07-03,138,2014
2014-07-04,2014-07-04,151,2014
2014-07-05,2014-07-05,160,2014
2014-07-06,2014-07-06,135,2014
2014-07-07,2014-07-07,221,2014
2014-07-08,2014-07-08,159,2014
2014-07-09,2014-07-09,134,2014
2014-07-10,2014-07-10,134,2014
2014-07-11,2014-07-11,129,2014
2014-07-12,2014-07-12,154,2014
2014-07-13,2014-07-13,140,2014
2014-07-14,2014-07-14,207,2014
2014-07-15,2014-07-15,186,2014
2014-07-16,2014-07-16,129,2014
2014-07-17,2014-07-17,135,2014
2014-07-18,2014-07-18,144,2014
2014-07-19,2014-07-19,155,2014
2014-07-20,2014-07-20,124,2014
2014-07-21,2014-07-21,86,2014
2014-07-22,2014-07-22,284,2014
2014-07-23,2014-07-23,117,2014
2014-07-24,2014-07-24,117,2014
2014-07-25,2014-07-25,110,2014
2014-07-26,2014-07-26,147,2014
2014-07-27,2014-07-27,119,2014
2014-07-28,2014-07-28,186,2014
2014-07-29,2014-07-29,130,2014
2014-07-30,2014-07-30,113,2014
2014-07-31,2014-07-31,128,2014
2014-08-01,2014-08-01,147,2014
2014-08-02,2014-08-02,127,2014
2014-08-03,2014-08-03,97,2014
2014-08-04,2014-08-04,182,2014
2014-08-05,2014-08-05,133,2014
2014-08-06,2014-08-06,123,2014
2014-08-07,2014-08-07,119,2014
2014-08-08,2014-08-08,126,2014
2014-08-09,2014-08-09,134,2014
2014-08-10,2014-08-10,124,2014
2014-08-11,2014-08-11,187,2014
2014-08-12,2014-08-12,148,2014
2014-08-13,2014-08-13,121,2014
2014-08-14,2014-08-14,131,2014
2014-08-15,2014-08-15,128,2014
2014-08-16,2014-08-16,131,2014
2014-08-17,2014-08-17,143,2014
2014-08-18,2014-08-18,195,2014
2014-08-19,2014-08-19,152,2014
2014-08-20,2014-08-20,104,2014
2014-08-21,2014-08-21,132,2014
2014-08-22,2014-08-22,121,2014
2014-08-23,2014-08-23,124,2014
2014-08-24,2014-08-24,120,2014
2014-08-25,2014-08-25,194,2014
2014-08-26,2014-08-26,164,2014
2014-08-27,2014-08-27,130,2014
2014-08-28,2014-08-28,228,2014
2014-08-29,2014-08-29,54,2014
2014-08-30,2014-08-30,123,2014
2014-08-31,2014-08-31,157,2014
2014-09-01,2014-09-01,166,2014
2014-09-02,2014-09-02,109,2014
2014-09-03,2014-09-03,80,2014
2014-09-04,2014-09-04,110,2014
2014-09-05,2014-09-05,99,2014
2014-09-06,2014-09-06,123,2014
2014-09-07,2014-09-07,175,2014
2014-09-08,2014-09-08,160,2014
2014-09-09,2014-09-09,136,2014
2014-09-10,2014-09-10,99,2014
2014-09-11,2014-09-11,131,2014
2014-09-12,2014-09-12,134,2014
2014-09-13,2014-09-13,143,2014
2014-09-14,2014-09-14,231,2014
2014-09-15,2014-09-15,235,2014
2014-09-16,2014-09-16,164,2014
2014-09-17,2014-09-17,154,2014
2014-09-18,2014-09-18,178,2014
2014-09-19,2014-09-19,146,2014
2014-09-20,2014-09-20,162,2014
2014-09-21,2014-09-21,186,2014
2014-09-22,2014-09-22,239,2014
2014-09-23,2014-09-23,141,2014
2014-09-24,2014-09-24,124,2014
2014-09-25,2014-09-25,122,2014
2014-09-26,2014-09-26,142,2014
2014-09-27,2014-09-27,159,2014
2014-09-28,2014-09-28,216,2014
2014-09-29,2014-09-29,256,2014
2014-09-30,2014-09-30,199,2014
2014-10-01,2014-10-01,173,2014
2014-10-02,2014-10-02,149,2014
2014-10-03,2014-10-03,138,2014
2014-10-04,2014-10-04,138,2014
2014-10-05,2014-10-05,204,2014
2014-10-06,2014-10-06,234,2014
2014-10-07,2014-10-07,171,2014
2014-10-08,2014-10-08,141,2014
2014-10-09,2014-10-09,142,2014
2014-10-10,2014-10-10,155,2014
2014-10-11,2014-10-11,164,2014
2014-10-12,2014-10-12,235,2014
2014-10-13,2014-10-13,231,2014
2014-10-14,2014-10-14,147,2014
2014-10-15,2014-10-15,125,2014
2014-10-16,2014-10-16,140,2014
2014-10-17,2014-10-17,154,2014
2014-10-18,2014-10-18,167,2014
2014-10-19,2014-10-19,235,2014
2014-10-20,2014-10-20,250,2014
2014-10-21,2014-10-21,155,2014
2014-10-22,2014-10-22,147,2014
2014-10-23,2014-10-23,152,2014
2014-10-24,2014-10-24,150,2014
2014-10-25,2014-10-25,154,2014
2014-10-26,2014-10-26,190,2014
2014-10-27,2014-10-27,275,2014
2014-10-28,2014-10-28,193,2014
2014-10-29,2014-10-29,147,2014
2014-10-30,2014-10-30,135,2014
2014-10-31,2014-10-31,189,2014
2014-11-01,2014-11-01,214,2014
2014-11-02,2014-11-02,234,2014
2014-11-03,2014-11-03,224,2014
2014-11-04,2014-11-04,135,2014
2014-11-05,2014-11-05,108,2014
2014-11-06,2014-11-06,119,2014
2014-11-07,2014-11-07,155,2014
2014-11-08,2014-11-08,116,2014
2014-11-09,2014-11-09,205,2014
2014-11-10,2014-11-10,223,2014
2014-11-11,2014-11-11,175,2014
2014-11-12,2014-11-12,162,2014
2014-11-13,2014-11-13,136,2014
2014-11-14,2014-11-14,127,2014
2014-11-15,2014-11-15,143,2014
2014-11-16,2014-11-16,192,2014
2014-11-17,2014-11-17,204,2014
2014-11-18,2014-11-18,132,2014
2014-11-19,2014-11-19,81,2014
2014-11-20,2014-11-20,85,2014
2014-11-21,2014-11-21,131,2014
2014-11-22,2014-11-22,119,2014
2014-11-23,2014-11-23,203,2014
2014-11-24,2014-11-24,230,2014
2014-11-25,2014-11-25,136,2014
2014-11-26,2014-11-26,97,2014
2014-11-27,2014-11-27,103,2014
2014-11-28,2014-11-28,109,2014
2014-11-29,2014-11-29,110,2014
2014-11-30,2014-11-30,249,2014
2014-12-01,2014-12-01,277,2014
2014-12-02,2014-12-02,153,2014
2014-12-03,2014-12-03,102,2014
2014-12-04,2014-12-04,105,2014
2014-12-05,2014-12-05,116,2014
2014-12-06,2014-12-06,119,2014
2014-12-07,2014-12-07,230,2014
2014-12-08,2014-12-08,250,2014
2014-12-09,2014-12-09,166,2014
2014-12-10,2014-12-10,133,2014
2014-12-11,2014-12-11,101,2014
2014-12-12,2014-12-12,128,2014
2014-12-13,2014-12-13,96,2014
2014-12-14,2014-12-14,175,2014
2014-12-15,2014-12-15,206,2014
2014-12-16,2014-12-16,110,2014
2014-12-17,2014-12-17,80,2014
2014-12-18,2014-12-18,88,2014
2014-12-19,2014-12-19,105,2014
2014-12-20,2014-12-20,93,2014
2014-12-21,2014-12-21,121,2014
2014-12-22,2014-12-22,133,2014
2014-12-23,2014-12-23,118,2014
2014-12-24,2014-12-24,86,2014
2014-12-25,2014-12-25,53,2014
2014-12-26,2014-12-26,66,2014
2014-12-27,2014-12-27,107,2014
2014-12-28,2014-12-28,158,2014
2014-12-29,2014-12-29,121,2014
2014-12-30,2014-12-30,137,2014
2014-12-31,2014-12-31,127,2014
2015-01-01,2015-01-01,178,2015
2015-01-02,2015-01-02,370,2015
2015-01-03,2015-01-03,306,2015
2015-01-04,2015-01-04,238,2015
2015-01-05,2015-01-05,214,2015
2015-01-06,2015-01-06,110,2015
2015-01-07,2015-01-07,81,2015
2015-01-08,2015-01-08,81,2015
2015-01-09,2015-01-09,71,2015
2015-01-10,2015-01-10,97,2015
2015-01-11,2015-01-11,129,2015
2015-01-12,2015-01-12,102,2015
2015-01-13,2015-01-13,78,2015
2015-01-14,2015-01-14,63,2015
2015-01-15,2015-01-15,67,2015
2015-01-16,2015-01-16,87,2015
2015-01-17,2015-01-17,94,2015
2015-01-18,2015-01-18,116,2015
2015-01-19,2015-01-19,153,2015
2015-01-20,2015-01-20,78,2015
2015-01-21,2015-01-21,74,2015
2015-01-22,2015-01-22,88,2015
2015-01-23,2015-01-23,87,2015
2015-01-24,2015-01-24,87,2015
2015-01-25,2015-01-25,176,2015
2015-01-26,2015-01-26,171,2015
2015-01-27,2015-01-27,75,2015
2015-01-28,2015-01-28,73,2015
2015-01-29,2015-01-29,72,2015
2015-01-30,2015-01-30,88,2015
2015-01-31,2015-01-31,110,2015
2015-02-01,2015-02-01,154,2015
2015-02-02,2015-02-02,174,2015
2015-02-03,2015-02-03,99,2015
2015-02-04,2015-02-04,67,2015
2015-02-05,2015-02-05,83,2015
2015-02-06,2015-02-06,85,2015
2015-02-07,2015-02-07,100,2015
2015-02-08,2015-02-08,145,2015
2015-02-09,2015-02-09,155,2015
2015-02-10,2015-02-10,101,2015
2015-02-11,2015-02-11,97,2015
2015-02-12,2015-02-12,83,2015
2015-02-13,2015-02-13,92,2015
2015-02-14,2015-02-14,84,2015
2015-02-15,2015-02-15,152,2015
2015-02-16,2015-02-16,196,2015
2015-02-17,2015-02-17,149,2015
2015-02-18,2015-02-18,117,2015
2015-02-19,2015-02-19,132,2015
2015-02-20,2015-02-20,142,2015
2015-02-21,2015-02-21,126,2015
2015-02-22,2015-02-22,225,2015
2015-02-23,2015-02-23,200,2015
2015-02-24,2015-02-24,126,2015
2015-02-25,2015-02-25,101,2015
2015-02-26,2015-02-26,113,2015
2015-02-27,2015-02-27,124,2015
2015-02-28,2015-02-28,128,2015
2015-03-01,2015-03-01,207,2015
2015-03-02,2015-03-02,200,2015
2015-03-03,2015-03-03,103,2015
2015-03-04,2015-03-04,91,2015
2015-03-05,2015-03-05,90,2015
2015-03-06,2015-03-06,119,2015
2015-03-07,2015-03-07,119,2015
2015-03-08,2015-03-08,181,2015
2015-03-09,2015-03-09,201,2015
2015-03-10,2015-03-10,113,2015
2015-03-11,2015-03-11,98,2015
2015-03-12,2015-03-12,104,2015
2015-03-13,2015-03-13,133,2015
2015-03-14,2015-03-14,133,2015
2015-03-15,2015-03-15,236,2015
2015-03-16,2015-03-16,232,2015
2015-03-17,2015-03-17,134,2015
2015-03-18,2015-03-18,107,2015
2015-03-19,2015-03-19,115,2015
2015-03-20,2015-03-20,123,2015
2015-03-21,2015-03-21,121,2015
2015-03-22,2015-03-22,203,2015
2015-03-23,2015-03-23,238,2015
2015-03-24,2015-03-24,166,2015
2015-03-25,2015-03-25,127,2015
2015-03-26,2015-03-26,114,2015
2015-03-27,2015-03-27,120,2015
2015-03-28,2015-03-28,142,2015
2015-03-29,2015-03-29,198,2015
2015-03-30,2015-03-30,252,2015
2015-03-31,2015-03-31,191,2015
2015-04-01,2015-04-01,160,2015
2015-04-02,2015-04-02,141,2015
2015-04-03,2015-04-03,146,2015
2015-04-04,2015-04-04,163,2015
2015-04-05,2015-04-05,204,2015
2015-04-06,2015-04-06,272,2015
2015-04-07,2015-04-07,262,2015
2015-04-08,2015-04-08,192,2015
2015-04-09,2015-04-09,151,2015
2015-04-10,2015-04-10,178,2015
2015-04-11,2015-04-11,189,2015
2015-04-12,2015-04-12,233,2015
2015-04-13,2015-04-13,225,2015
2015-04-14,2015-04-14,157,2015
2015-04-15,2015-04-15,130,2015
2015-04-16,2015-04-16,150,2015
2015-04-17,2015-04-17,194,2015
2015-04-18,2015-04-18,182,2015
2015-04-19,2015-04-19,294,2015
2015-04-20,2015-04-20,252,2015
2015-04-21,2015-04-21,158,2015
2015-04-22,2015-04-22,129,2015
2015-04-23,2015-04-23,151,2015
2015-04-24,2015-04-24,195,2015
2015-04-25,2015-04-25,201,2015
2015-04-26,2015-04-26,297,2015
2015-04-27,2015-04-27,376,2015
2015-04-28,2015-04-28,230,2015
2015-04-29,2015-04-29,167,2015
2015-04-30,2015-04-30,224,2015
2015-05-01,2015-05-01,216,2015
2015-05-02,2015-05-02,206,2015
2015-05-03,2015-05-03,320,2015
2015-05-04,2015-05-04,386,2015
2015-05-05,2015-05-05,270,2015
2015-05-06,2015-05-06,180,2015
2015-05-07,2015-05-07,171,2015
2015-05-08,2015-05-08,207,2015
2015-05-09,2015-05-09,198,2015
2015-05-10,2015-05-10,276,2015
2015-05-11,2015-05-11,202,2015
2015-05-12,2015-05-12,316,2015
2015-05-13,2015-05-13,176,2015
2015-05-14,2015-05-14,184,2015
2015-05-15,2015-05-15,242,2015
2015-05-16,2015-05-16,237,2015
2015-05-17,2015-05-17,405,2015
2015-05-18,2015-05-18,160,2015
2015-05-19,2015-05-19,526,2015
2015-05-20,2015-05-20,202,2015
2015-05-21,2015-05-21,210,2015
2015-05-22,2015-05-22,239,2015
2015-05-23,2015-05-23,215,2015
2015-05-24,2015-05-24,272,2015
2015-05-25,2015-05-25,397,2015
2015-05-26,2015-05-26,345,2015
2015-05-27,2015-05-27,246,2015
2015-05-28,2015-05-28,215,2015
2015-05-29,2015-05-29,220,2015
2015-05-30,2015-05-30,215,2015
2015-05-31,2015-05-31,342,2015
2015-06-01,2015-06-01,343,2015
2015-06-02,2015-06-02,199,2015
2015-06-03,2015-06-03,186,2015
2015-06-04,2015-06-04,217,2015
2015-06-05,2015-06-05,232,2015
2015-06-06,2015-06-06,212,2015
2015-06-07,2015-06-07,350,2015
2015-06-08,2015-06-08,322,2015
2015-06-09,2015-06-09,248,2015
2015-06-10,2015-06-10,207,2015
2015-06-11,2015-06-11,228,2015
2015-06-12,2015-06-12,254,2015
2015-06-13,2015-06-13,253,2015
2015-06-14,2015-06-14,325,2015
2015-06-15,2015-06-15,369,2015
2015-06-16,2015-06-16,245,2015
2015-06-17,2015-06-17,211,2015
2015-06-18,2015-06-18,259,2015
2015-06-19,2015-06-19,285,2015
2015-06-20,2015-06-20,284,2015
2015-06-21,2015-06-21,391,2015
2015-06-22,2015-06-22,424,2015
2015-06-23,2015-06-23,288,2015
2015-06-24,2015-06-24,255,2015
2015-06-25,2015-06-25,274,2015
2015-06-26,2015-06-26,294,2015
2015-06-27,2015-06-27,292,2015
2015-06-28,2015-06-28,397,2015
2015-06-29,2015-06-29,469,2015
2015-06-30,2015-06-30,316,2015
2015-07-01,2015-07-01,326,2015
2015-07-02,2015-07-02,300,2015
2015-07-03,2015-07-03,328,2015
2015-07-04,2015-07-04,338,2015
2015-07-05,2015-07-05,475,2015
2015-07-06,2015-07-06,486,2015
2015-07-07,2015-07-07,342,2015
2015-07-08,2015-07-08,298,2015
2015-07-09,2015-07-09,324,2015
2015-07-10,2015-07-10,311,2015
2015-07-11,2015-07-11,323,2015
2015-07-12,2015-07-12,434,2015
2015-07-13,2015-07-13,470,2015
2015-07-14,2015-07-14,342,2015
2015-07-15,2015-07-15,287,2015
2015-07-16,2015-07-16,283,2015
2015-07-17,2015-07-17,291,2015
2015-07-18,2015-07-18,282,2015
2015-07-19,2015-07-19,375,2015
2015-07-20,2015-07-20,397,2015
2015-07-21,2015-07-21,307,2015
2015-07-22,2015-07-22,273,2015
2015-07-23,2015-07-23,249,2015
2015-07-24,2015-07-24,288,2015
2015-07-25,2015-07-25,300,2015
2015-07-26,2015-07-26,363,2015
2015-07-27,2015-07-27,390,2015
2015-07-28,2015-07-28,266,2015
2015-07-29,2015-07-29,243,2015
2015-07-30,2015-07-30,261,2015
2015-07-31,2015-07-31,296,2015
2015-08-01,2015-08-01,317,2015
2015-08-02,2015-08-02,343,2015
2015-08-03,2015-08-03,402,2015
2015-08-04,2015-08-04,299,2015
2015-08-05,2015-08-05,241,2015
2015-08-06,2015-08-06,6,2015
2015-08-07,2015-08-07,534,2015
2015-08-08,2015-08-08,267,2015
2015-08-09,2015-08-09,358,2015
2015-08-10,2015-08-10,373,2015
2015-08-11,2015-08-11,270,2015
2015-08-12,2015-08-12,273,2015
2015-08-13,2015-08-13,254,2015
2015-08-14,2015-08-14,285,2015
2015-08-15,2015-08-15,263,2015
2015-08-16,2015-08-16,322,2015
2015-08-17,2015-08-17,341,2015
2015-08-18,2015-08-18,283,2015
2015-08-19,2015-08-19,244,2015
2015-08-20,2015-08-20,243,2015
2015-08-21,2015-08-21,259,2015
2015-08-22,2015-08-22,233,2015
2015-08-23,2015-08-23,335,2015
2015-08-24,2015-08-24,328,2015
2015-08-25,2015-08-25,248,2015
2015-08-26,2015-08-26,219,2015
2015-08-27,2015-08-27,227,2015
2015-08-28,2015-08-28,224,2015
2015-08-29,2015-08-29,244,2015
2015-08-30,2015-08-30,326,2015
2015-08-31,2015-08-31,451,2015
2015-09-01,2015-09-01,348,2015
2015-09-02,2015-09-02,241,2015
2015-09-03,2015-09-03,226,2015
2015-09-04,2015-09-04,245,2015
2015-09-05,2015-09-05,271,2015
2015-09-06,2015-09-06,320,2015
2015-09-07,2015-09-07,335,2015
2015-09-08,2015-09-08,216,2015
2015-09-09,2015-09-09,257,2015
2015-09-10,2015-09-10,282,2015
2015-09-11,2015-09-11,307,2015
2015-09-12,2015-09-12,311,2015
2015-09-13,2015-09-13,428,2015
2015-09-14,2015-09-14,417,2015
2015-09-15,2015-09-15,298,2015
2015-09-16,2015-09-16,313,2015
2015-09-17,2015-09-17,308,2015
2015-09-18,2015-09-18,382,2015
2015-09-19,2015-09-19,240,2015
2015-09-20,2015-09-20,162,2015
2015-09-21,2015-09-21,1065,2015
2015-09-22,2015-09-22,356,2015
2015-09-23,2015-09-23,288,2015
2015-09-24,2015-09-24,389,2015
2015-09-25,2015-09-25,389,2015
2015-09-26,2015-09-26,420,2015
2015-09-27,2015-09-27,603,2015
2015-09-28,2015-09-28,604,2015
2015-09-29,2015-09-29,380,2015
2015-09-30,2015-09-30,349,2015
2015-10-01,2015-10-01,432,2015
2015-10-02,2015-10-02,337,2015
2015-10-03,2015-10-03,341,2015
2015-10-04,2015-10-04,532,2015
2015-10-05,2015-10-05,585,2015
2015-10-06,2015-10-06,386,2015
2015-10-07,2015-10-07,288,2015
2015-10-08,2015-10-08,312,2015
2015-10-09,2015-10-09,294,2015
2015-10-10,2015-10-10,336,2015
2015-10-11,2015-10-11,522,2015
2015-10-12,2015-10-12,583,2015
2015-10-13,2015-10-13,335,2015
2015-10-14,2015-10-14,310,2015
2015-10-15,2015-10-15,321,2015
2015-10-16,2015-10-16,359,2015
2015-10-17,2015-10-17,350,2015
2015-10-18,2015-10-18,480,2015
2015-10-19,2015-10-19,541,2015
2015-10-20,2015-10-20,381,2015
2015-10-21,2015-10-21,315,2015
2015-10-22,2015-10-22,302,2015
2015-10-23,2015-10-23,8,2015
2015-10-24,2015-10-24,696,2015
2015-10-25,2015-10-25,505,2015
2015-10-26,2015-10-26,593,2015
2015-10-27,2015-10-27,449,2015
2015-10-28,2015-10-28,361,2015
2015-10-29,2015-10-29,319,2015
2015-10-30,2015-10-30,361,2015
2015-10-31,2015-10-31,423,2015
2015-11-01,2015-11-01,571,2015
2015-11-02,2015-11-02,495,2015
2015-11-03,2015-11-03,329,2015
2015-11-04,2015-11-04,278,2015
2015-11-05,2015-11-05,278,2015
2015-11-06,2015-11-06,266,2015
2015-11-07,2015-11-07,291,2015
2015-11-08,2015-11-08,412,2015
2015-11-09,2015-11-09,434,2015
2015-11-10,2015-11-10,253,2015
2015-11-11,2015-11-11,235,2015
2015-11-12,2015-11-12,238,2015
2015-11-13,2015-11-13,215,2015
2015-11-14,2015-11-14,259,2015
2015-11-15,2015-11-15,403,2015
2015-11-16,2015-11-16,470,2015
2015-11-17,2015-11-17,248,2015
2015-11-18,2015-11-18,209,2015
2015-11-19,2015-11-19,253,2015
2015-11-20,2015-11-20,247,2015
2015-11-21,2015-11-21,264,2015
2015-11-22,2015-11-22,400,2015
2015-11-23,2015-11-23,498,2015
2015-11-24,2015-11-24,2,2015
2015-11-25,2015-11-25,425,2015
2015-11-26,2015-11-26,6,2015
2015-11-27,2015-11-27,419,2015
2015-11-28,2015-11-28,267,2015
2015-11-29,2015-11-29,473,2015
2015-11-30,2015-11-30,8,2015
2015-12-01,2015-12-01,783,2015
2015-12-02,2015-12-02,200,2015
2015-12-03,2015-12-03,226,2015
2015-12-04,2015-12-04,247,2015
2015-12-05,2015-12-05,270,2015
2015-12-06,2015-12-06,427,2015
2015-12-07,2015-12-07,512,2015
2015-12-08,2015-12-08,316,2015
2015-12-09,2015-12-09,233,2015
2015-12-10,2015-12-10,226,2015
2015-12-11,2015-12-11,232,2015
2015-12-12,2015-12-12,245,2015
2015-12-13,2015-12-13,359,2015
2015-12-14,2015-12-14,402,2015
2015-12-15,2015-12-15,257,2015
2015-12-16,2015-12-16,192,2015
2015-12-17,2015-12-17,207,2015
2015-12-18,2015-12-18,205,2015
2015-12-19,2015-12-19,211,2015
2015-12-20,2015-12-20,265,2015
2015-12-21,2015-12-21,275,2015
2015-12-22,2015-12-22,234,2015
2015-12-23,2015-12-23,235,2015
2015-12-24,2015-12-24,216,2015
2015-12-25,2015-12-25,98,2015
2015-12-26,2015-12-26,116,2015
2015-12-27,2015-12-27,249,2015
2015-12-28,2015-12-28,256,2015
2015-12-29,2015-12-29,237,2015
2015-12-30,2015-12-30,243,2015
2015-12-31,2015-12-31,257,2015
2016-01-01,2016-01-01,385,2016
2016-01-02,2016-01-02,674,2016
2016-01-03,2016-01-03,745,2016
2016-01-04,2016-01-04,31,2016
2016-01-05,2016-01-05,729,2016
2016-01-06,2016-01-06,157,2016
2016-01-07,2016-01-07,143,2016
2016-01-08,2016-01-08,165,2016
2016-01-09,2016-01-09,181,2016
2016-01-10,2016-01-10,251,2016
2016-01-11,2016-01-11,262,2016
2016-01-12,2016-01-12,145,2016
2016-01-13,2016-01-13,127,2016
2016-01-14,2016-01-14,159,2016
2016-01-15,2016-01-15,195,2016
2016-01-16,2016-01-16,181,2016
2016-01-17,2016-01-17,286,2016
2016-01-18,2016-01-18,292,2016
2016-01-19,2016-01-19,209,2016
2016-01-20,2016-01-20,159,2016
2016-01-21,2016-01-21,167,2016
2016-01-22,2016-01-22,198,2016
2016-01-23,2016-01-23,241,2016
2016-01-24,2016-01-24,324,2016
2016-01-25,2016-01-25,357,2016
2016-01-26,2016-01-26,188,2016
2016-01-27,2016-01-27,150,2016
2016-01-28,2016-01-28,181,2016
2016-01-29,2016-01-29,229,2016
2016-01-30,2016-01-30,219,2016
2016-01-31,2016-01-31,351,2016
2016-02-01,2016-02-01,381,2016
2016-02-02,2016-02-02,209,2016
2016-02-03,2016-02-03,136,2016
2016-02-04,2016-02-04,198,2016
2016-02-05,2016-02-05,226,2016
2016-02-06,2016-02-06,226,2016
2016-02-07,2016-02-07,342,2016
2016-02-08,2016-02-08,366,2016
2016-02-09,2016-02-09,236,2016
2016-02-10,2016-02-10,202,2016
2016-02-11,2016-02-11,200,2016
2016-02-12,2016-02-12,221,2016
2016-02-13,2016-02-13,227,2016
2016-02-14,2016-02-14,372,2016
2016-02-15,2016-02-15,440,2016
2016-02-16,2016-02-16,274,2016
2016-02-17,2016-02-17,217,2016
2016-02-18,2016-02-18,220,2016
2016-02-19,2016-02-19,276,2016
2016-02-20,2016-02-20,285,2016
2016-02-21,2016-02-21,493,2016
2016-02-22,2016-02-22,380,2016
2016-02-23,2016-02-23,206,2016
2016-02-24,2016-02-24,181,2016
2016-02-25,2016-02-25,236,2016
2016-02-26,2016-02-26,283,2016
2016-02-27,2016-02-27,266,2016
2016-02-28,2016-02-28,518,2016
2016-02-29,2016-02-29,480,2016
2016-03-01,2016-03-01,274,2016
2016-03-02,2016-03-02,207,2016
2016-03-03,2016-03-03,261,2016
2016-03-04,2016-03-04,274,2016
2016-03-05,2016-03-05,279,2016
2016-03-06,2016-03-06,446,2016
2016-03-07,2016-03-07,15,2016
2016-03-08,2016-03-08,513,2016
2016-03-09,2016-03-09,210,2016
2016-03-10,2016-03-10,421,2016
2016-03-11,2016-03-11,236,2016
2016-03-12,2016-03-12,275,2016
2016-03-13,2016-03-13,476,2016
2016-03-14,2016-03-14,26,2016
2016-03-15,2016-03-15,470,2016
2016-03-16,2016-03-16,351,2016
2016-03-17,2016-03-17,446,2016
2016-03-18,2016-03-18,276,2016
2016-03-19,2016-03-19,300,2016
2016-03-20,2016-03-20,415,2016
2016-03-21,2016-03-21,72,2016
2016-03-22,2016-03-22,453,2016
2016-03-23,2016-03-23,353,2016
2016-03-24,2016-03-24,487,2016
2016-03-25,2016-03-25,344,2016
2016-03-26,2016-03-26,285,2016
2016-03-27,2016-03-27,344,2016
2016-03-28,2016-03-28,122,2016
2016-03-29,2016-03-29,508,2016
2016-03-30,2016-03-30,493,2016
2016-03-31,2016-03-31,307,2016
2016-04-01,2016-04-01,530,2016
2016-04-02,2016-04-02,466,2016
2016-04-03,2016-04-03,147,2016
2016-04-04,2016-04-04,478,2016
2016-04-05,2016-04-05,469,2016
2016-04-06,2016-04-06,452,2016
2016-04-07,2016-04-07,321,2016
2016-04-08,2016-04-08,364,2016
2016-04-09,2016-04-09,368,2016
2016-04-10,2016-04-10,421,2016
2016-04-11,2016-04-11,719,2016
2016-04-12,2016-04-12,269,2016
2016-04-13,2016-04-13,265,2016
2016-04-14,2016-04-14,340,2016
2016-04-15,2016-04-15,412,2016
2016-04-16,2016-04-16,402,2016
2016-04-17,2016-04-17,649,2016
2016-04-18,2016-04-18,439,2016
2016-04-19,2016-04-19,284,2016
2016-04-20,2016-04-20,314,2016
2016-04-21,2016-04-21,363,2016
2016-04-22,2016-04-22,386,2016
2016-04-23,2016-04-23,354,2016
2016-04-24,2016-04-24,809,2016
2016-04-25,2016-04-25,567,2016
2016-04-26,2016-04-26,335,2016
2016-04-27,2016-04-27,317,2016
2016-04-28,2016-04-28,388,2016
2016-04-29,2016-04-29,382,2016
2016-04-30,2016-04-30,442,2016
2016-05-01,2016-05-01,687,2016
2016-05-02,2016-05-02,569,2016
2016-05-03,2016-05-03,311,2016
2016-05-04,2016-05-04,564,2016
2016-05-05,2016-05-05,354,2016
2016-05-06,2016-05-06,422,2016
2016-05-07,2016-05-07,412,2016
2016-05-08,2016-05-08,904,2016
2016-05-09,2016-05-09,518,2016
2016-05-10,2016-05-10,317,2016
2016-05-11,2016-05-11,300,2016
2016-05-12,2016-05-12,356,2016
2016-05-13,2016-05-13,402,2016
2016-05-14,2016-05-14,403,2016
2016-05-15,2016-05-15,638,2016
2016-05-16,2016-05-16,691,2016
2016-05-17,2016-05-17,477,2016
2016-05-18,2016-05-18,385,2016
2016-05-19,2016-05-19,351,2016
2016-05-20,2016-05-20,429,2016
2016-05-21,2016-05-21,418,2016
2016-05-22,2016-05-22,716,2016
2016-05-23,2016-05-23,585,2016
2016-05-24,2016-05-24,428,2016
2016-05-25,2016-05-25,392,2016
2016-05-26,2016-05-26,441,2016
2016-05-27,2016-05-27,434,2016
2016-05-28,2016-05-28,420,2016
2016-05-29,2016-05-29,752,2016
2016-05-30,2016-05-30,861,2016
2016-05-31,2016-05-31,610,2016
2016-06-01,2016-06-01,365,2016
2016-06-02,2016-06-02,337,2016
2016-06-03,2016-06-03,374,2016
2016-06-04,2016-06-04,453,2016
2016-06-05,2016-06-05,651,2016
2016-06-06,2016-06-06,562,2016
2016-06-07,2016-06-07,370,2016
2016-06-08,2016-06-08,321,2016
2016-06-09,2016-06-09,380,2016
2016-06-10,2016-06-10,501,2016
2016-06-11,2016-06-11,483,2016
2016-06-12,2016-06-12,659,2016
2016-06-13,2016-06-13,688,2016
2016-06-14,2016-06-14,470,2016
2016-06-15,2016-06-15,415,2016
2016-06-16,2016-06-16,459,2016
2016-06-17,2016-06-17,567,2016
2016-06-18,2016-06-18,547,2016
2016-06-19,2016-06-19,753,2016
2016-06-20,2016-06-20,820,2016
2016-06-21,2016-06-21,484,2016
2016-06-22,2016-06-22,427,2016
2016-06-23,2016-06-23,499,2016
2016-06-24,2016-06-24,522,2016
2016-06-25,2016-06-25,539,2016
2016-06-26,2016-06-26,700,2016
2016-06-27,2016-06-27,692,2016
2016-06-28,2016-06-28,533,2016
2016-06-29,2016-06-29,499,2016
2016-06-30,2016-06-30,657,2016
2016-07-01,2016-07-01,643,2016
2016-07-02,2016-07-02,624,2016
2016-07-03,2016-07-03,879,2016
2016-07-04,2016-07-04,749,2016
2016-07-05,2016-07-05,534,2016
2016-07-06,2016-07-06,548,2016
2016-07-07,2016-07-07,581,2016
2016-07-08,2016-07-08,677,2016
2016-07-09,2016-07-09,624,2016
2016-07-10,2016-07-10,916,2016
2016-07-11,2016-07-11,918,2016
2016-07-12,2016-07-12,617,2016
2016-07-13,2016-07-13,531,2016
2016-07-14,2016-07-14,563,2016
2016-07-15,2016-07-15,618,2016
2016-07-16,2016-07-16,656,2016
2016-07-17,2016-07-17,864,2016
2016-07-18,2016-07-18,877,2016
2016-07-19,2016-07-19,577,2016
2016-07-20,2016-07-20,475,2016
2016-07-21,2016-07-21,487,2016
2016-07-22,2016-07-22,546,2016
2016-07-23,2016-07-23,492,2016
2016-07-24,2016-07-24,674,2016
2016-07-25,2016-07-25,648,2016
2016-07-26,2016-07-26,536,2016
2016-07-27,2016-07-27,480,2016
2016-07-28,2016-07-28,488,2016
2016-07-29,2016-07-29,555,2016
2016-07-30,2016-07-30,582,2016
2016-07-31,2016-07-31,863,2016
2016-08-01,2016-08-01,786,2016
2016-08-02,2016-08-02,495,2016
2016-08-03,2016-08-03,461,2016
2016-08-04,2016-08-04,493,2016
2016-08-05,2016-08-05,524,2016
2016-08-06,2016-08-06,488,2016
2016-08-07,2016-08-07,675,2016
2016-08-08,2016-08-08,682,2016
2016-08-09,2016-08-09,519,2016
2016-08-10,2016-08-10,485,2016
2016-08-11,2016-08-11,503,2016
2016-08-12,2016-08-12,543,2016
2016-08-13,2016-08-13,518,2016
2016-08-14,2016-08-14,705,2016
2016-08-15,2016-08-15,724,2016
2016-08-16,2016-08-16,534,2016
2016-08-17,2016-08-17,465,2016
2016-08-18,2016-08-18,498,2016
2016-08-19,2016-08-19,497,2016
2016-08-20,2016-08-20,522,2016
2016-08-21,2016-08-21,659,2016
2016-08-22,2016-08-22,610,2016
2016-08-23,2016-08-23,485,2016
2016-08-24,2016-08-24,440,2016
2016-08-25,2016-08-25,452,2016
2016-08-26,2016-08-26,496,2016
2016-08-27,2016-08-27,428,2016
2016-08-28,2016-08-28,666,2016
2016-08-29,2016-08-29,762,2016
2016-08-30,2016-08-30,625,2016
2016-08-31,2016-08-31,520,2016
2016-09-01,2016-09-01,467,2016
2016-09-02,2016-09-02,428,2016
2016-09-03,2016-09-03,425,2016
2016-09-04,2016-09-04,703,2016
2016-09-05,2016-09-05,590,2016
2016-09-06,2016-09-06,472,2016
2016-09-07,2016-09-07,498,2016
2016-09-08,2016-09-08,519,2016
2016-09-09,2016-09-09,589,2016
2016-09-10,2016-09-10,600,2016
2016-09-11,2016-09-11,965,2016
2016-09-12,2016-09-12,806,2016
2016-09-13,2016-09-13,543,2016
2016-09-14,2016-09-14,598,2016
2016-09-15,2016-09-15,676,2016
2016-09-16,2016-09-16,754,2016
2016-09-17,2016-09-17,720,2016
2016-09-18,2016-09-18,1001,2016
2016-09-19,2016-09-19,791,2016
2016-09-20,2016-09-20,568,2016
2016-09-21,2016-09-21,592,2016
2016-09-22,2016-09-22,608,2016
2016-09-23,2016-09-23,702,2016
2016-09-24,2016-09-24,539,2016
2016-09-25,2016-09-25,1145,2016
2016-09-26,2016-09-26,800,2016
2016-09-27,2016-09-27,562,2016
2016-09-28,2016-09-28,555,2016
2016-09-29,2016-09-29,634,2016
2016-09-30,2016-09-30,730,2016
2016-10-01,2016-10-01,642,2016
2016-10-02,2016-10-02,1043,2016
2016-10-03,2016-10-03,738,2016
2016-10-04,2016-10-04,555,2016
2016-10-05,2016-10-05,529,2016
2016-10-06,2016-10-06,620,2016
2016-10-07,2016-10-07,637,2016
2016-10-08,2016-10-08,598,2016
2016-10-09,2016-10-09,1114,2016
2016-10-10,2016-10-10,759,2016
2016-10-11,2016-10-11,553,2016
2016-10-12,2016-10-12,564,2016
2016-10-13,2016-10-13,622,2016
2016-10-14,2016-10-14,622,2016
2016-10-15,2016-10-15,582,2016
2016-10-16,2016-10-16,1100,2016
2016-10-17,2016-10-17,726,2016
2016-10-18,2016-10-18,510,2016
2016-10-19,2016-10-19,573,2016
2016-10-20,2016-10-20,589,2016
2016-10-21,2016-10-21,662,2016
2016-10-22,2016-10-22,522,2016
2016-10-23,2016-10-23,1068,2016
2016-10-24,2016-10-24,821,2016
2016-10-25,2016-10-25,602,2016
2016-10-26,2016-10-26,618,2016
2016-10-27,2016-10-27,619,2016
2016-10-28,2016-10-28,695,2016
2016-10-29,2016-10-29,599,2016
2016-10-30,2016-10-30,1191,2016
2016-10-31,2016-10-31,862,2016
2016-11-01,2016-11-01,875,2016
2016-11-02,2016-11-02,629,2016
2016-11-03,2016-11-03,508,2016
2016-11-04,2016-11-04,562,2016
2016-11-05,2016-11-05,492,2016
2016-11-06,2016-11-06,1100,2016
2016-11-07,2016-11-07,612,2016
2016-11-08,2016-11-08,391,2016
2016-11-09,2016-11-09,449,2016
2016-11-10,2016-11-10,561,2016
2016-11-11,2016-11-11,565,2016
2016-11-12,2016-11-12,507,2016
2016-11-13,2016-11-13,1309,2016
2016-11-14,2016-11-14,753,2016
2016-11-15,2016-11-15,389,2016
2016-11-16,2016-11-16,411,2016
2016-11-17,2016-11-17,456,2016
2016-11-18,2016-11-18,522,2016
2016-11-19,2016-11-19,484,2016
2016-11-20,2016-11-20,1184,2016
2016-11-21,2016-11-21,661,2016
2016-11-22,2016-11-22,403,2016
2016-11-23,2016-11-23,440,2016
2016-11-24,2016-11-24,474,2016
2016-11-25,2016-11-25,520,2016
2016-11-26,2016-11-26,529,2016
2016-11-27,2016-11-27,1387,2016
2016-11-28,2016-11-28,758,2016
2016-11-29,2016-11-29,449,2016
2016-11-30,2016-11-30,458,2016
2016-12-01,2016-12-01,479,2016
2016-12-02,2016-12-02,530,2016
2016-12-03,2016-12-03,490,2016
2016-12-04,2016-12-04,1285,2016
2016-12-05,2016-12-05,743,2016
2016-12-06,2016-12-06,505,2016
2016-12-07,2016-12-07,510,2016
2016-12-08,2016-12-08,602,2016
2016-12-09,2016-12-09,719,2016
2016-12-10,2016-12-10,569,2016
2016-12-11,2016-12-11,1344,2016
2016-12-12,2016-12-12,793,2016
2016-12-13,2016-12-13,427,2016
2016-12-14,2016-12-14,442,2016
2016-12-15,2016-12-15,491,2016
2016-12-16,2016-12-16,529,2016
2016-12-17,2016-12-17,459,2016
2016-12-18,2016-12-18,894,2016
2016-12-19,2016-12-19,649,2016
2016-12-20,2016-12-20,502,2016
2016-12-21,2016-12-21,444,2016
2016-12-22,2016-12-22,479,2016
2016-12-23,2016-12-23,524,2016
2016-12-24,2016-12-24,335,2016
2016-12-25,2016-12-25,168,2016
2016-12-26,2016-12-26,451,2016
2016-12-27,2016-12-27,580,2016
2016-12-28,2016-12-28,494,2016
2016-12-29,2016-12-29,597,2016
2016-12-30,2016-12-30,698,2016
2016-12-31,2016-12-31,605,2016
2017-01-01,2017-01-01,1497,2017
2017-01-02,2017-01-02,1457,2017
2017-01-03,2017-01-03,776,2017
2017-01-04,2017-01-04,592,2017
2017-01-05,2017-01-05,475,2017
2017-01-06,2017-01-06,512,2017
2017-01-07,2017-01-07,470,2017
2017-01-08,2017-01-08,713,2017
2017-01-09,2017-01-09,387,2017
2017-01-10,2017-01-10,292,2017
2017-01-11,2017-01-11,319,2017
2017-01-12,2017-01-12,354,2017
2017-01-13,2017-01-13,416,2017
2017-01-14,2017-01-14,342,2017
2017-01-15,2017-01-15,713,2017
2017-01-16,2017-01-16,456,2017
2017-01-17,2017-01-17,338,2017
2017-01-18,2017-01-18,338,2017
2017-01-19,2017-01-19,372,2017
2017-01-20,2017-01-20,416,2017
2017-01-21,2017-01-21,365,2017
2017-01-22,2017-01-22,870,2017
2017-01-23,2017-01-23,472,2017
2017-01-24,2017-01-24,325,2017
2017-01-25,2017-01-25,385,2017
2017-01-26,2017-01-26,437,2017
2017-01-27,2017-01-27,477,2017
2017-01-28,2017-01-28,428,2017
2017-01-29,2017-01-29,964,2017
2017-01-30,2017-01-30,585,2017
2017-01-31,2017-01-31,413,2017
2017-02-01,2017-02-01,347,2017
2017-02-02,2017-02-02,395,2017
2017-02-03,2017-02-03,440,2017
2017-02-04,2017-02-04,412,2017
2017-02-05,2017-02-05,1056,2017
2017-02-06,2017-02-06,547,2017
2017-02-07,2017-02-07,365,2017
2017-02-08,2017-02-08,407,2017
2017-02-09,2017-02-09,428,2017
2017-02-10,2017-02-10,457,2017
2017-02-11,2017-02-11,382,2017
2017-02-12,2017-02-12,873,2017
2017-02-13,2017-02-13,499,2017
2017-02-14,2017-02-14,400,2017
2017-02-15,2017-02-15,504,2017
2017-02-16,2017-02-16,508,2017
2017-02-17,2017-02-17,559,2017
2017-02-18,2017-02-18,484,2017
2017-02-19,2017-02-19,1011,2017
2017-02-20,2017-02-20,553,2017
2017-02-21,2017-02-21,352,2017
2017-02-22,2017-02-22,407,2017
2017-02-23,2017-02-23,514,2017
2017-02-24,2017-02-24,622,2017
2017-02-25,2017-02-25,526,2017
2017-02-26,2017-02-26,1196,2017
2017-02-27,2017-02-27,676,2017
2017-02-28,2017-02-28,586,2017
2017-03-01,2017-03-01,438,2017
2017-03-02,2017-03-02,471,2017
2017-03-03,2017-03-03,566,2017
2017-03-04,2017-03-04,473,2017
2017-03-05,2017-03-05,1245,2017
2017-03-06,2017-03-06,659,2017
2017-03-07,2017-03-07,408,2017
2017-03-08,2017-03-08,458,2017
2017-03-09,2017-03-09,512,2017
2017-03-10,2017-03-10,566,2017
2017-03-11,2017-03-11,513,2017
2017-03-12,2017-03-12,1259,2017
2017-03-13,2017-03-13,754,2017
2017-03-14,2017-03-14,479,2017
2017-03-15,2017-03-15,485,2017
2017-03-16,2017-03-16,556,2017
2017-03-17,2017-03-17,579,2017
2017-03-18,2017-03-18,643,2017
2017-03-19,2017-03-19,1301,2017
2017-03-20,2017-03-20,771,2017
2017-03-21,2017-03-21,497,2017
2017-03-22,2017-03-22,506,2017
2017-03-23,2017-03-23,542,2017
2017-03-24,2017-03-24,570,2017
2017-03-25,2017-03-25,535,2017
2017-03-26,2017-03-26,1243,2017
2017-03-27,2017-03-27,798,2017
2017-03-28,2017-03-28,517,2017
2017-03-29,2017-03-29,519,2017
2017-03-30,2017-03-30,518,2017
2017-03-31,2017-03-31,627,2017
2017-04-01,2017-04-01,525,2017
2017-04-02,2017-04-02,1017,2017
2017-04-03,2017-04-03,735,2017
2017-04-04,2017-04-04,544,2017
2017-04-05,2017-04-05,560,2017
2017-04-06,2017-04-06,722,2017
2017-04-07,2017-04-07,743,2017
2017-04-08,2017-04-08,640,2017
2017-04-09,2017-04-09,1176,2017
2017-04-10,2017-04-10,832,2017
2017-04-11,2017-04-11,662,2017
2017-04-12,2017-04-12,688,2017
2017-04-13,2017-04-13,804,2017
2017-04-14,2017-04-14,792,2017
2017-04-15,2017-04-15,886,2017
2017-04-16,2017-04-16,1241,2017
2017-04-17,2017-04-17,1351,2017
2017-04-18,2017-04-18,742,2017
2017-04-19,2017-04-19,525,2017
2017-04-20,2017-04-20,603,2017
2017-04-21,2017-04-21,698,2017
2017-04-22,2017-04-22,677,2017
2017-04-23,2017-04-23,1450,2017
2017-04-24,2017-04-24,989,2017
2017-04-25,2017-04-25,624,2017
2017-04-26,2017-04-26,609,2017
2017-04-27,2017-04-27,686,2017
2017-04-28,2017-04-28,735,2017
2017-04-29,2017-04-29,686,2017
2017-04-30,2017-04-30,1743,2017
2017-05-01,2017-05-01,1726,2017
2017-05-02,2017-05-02,897,2017
2017-05-03,2017-05-03,660,2017
2017-05-04,2017-05-04,644,2017
2017-05-05,2017-05-05,708,2017
2017-05-06,2017-05-06,694,2017
2017-05-07,2017-05-07,1369,2017
2017-05-08,2017-05-08,996,2017
2017-05-09,2017-05-09,643,2017
2017-05-10,2017-05-10,636,2017
2017-05-11,2017-05-11,614,2017
2017-05-12,2017-05-12,749,2017
2017-05-13,2017-05-13,676,2017
2017-05-14,2017-05-14,1347,2017
2017-05-15,2017-05-15,815,2017
2017-05-16,2017-05-16,584,2017
2017-05-17,2017-05-17,626,2017
2017-05-18,2017-05-18,678,2017
2017-05-19,2017-05-19,750,2017
2017-05-20,2017-05-20,697,2017
2017-05-21,2017-05-21,1437,2017
2017-05-22,2017-05-22,839,2017
2017-05-23,2017-05-23,661,2017
2017-05-24,2017-05-24,781,2017
2017-05-25,2017-05-25,859,2017
2017-05-26,2017-05-26,832,2017
2017-05-27,2017-05-27,824,2017
2017-05-28,2017-05-28,1777,2017
2017-05-29,2017-05-29,1401,2017
2017-05-30,2017-05-30,819,2017
2017-05-31,2017-05-31,734,2017
2017-06-01,2017-06-01,667,2017
2017-06-02,2017-06-02,756,2017
2017-06-03,2017-06-03,689,2017
2017-06-04,2017-06-04,1436,2017
2017-06-05,2017-06-05,1061,2017
2017-06-06,2017-06-06,685,2017
2017-06-07,2017-06-07,654,2017
2017-06-08,2017-06-08,781,2017
2017-06-09,2017-06-09,815,2017
2017-06-10,2017-06-10,744,2017
2017-06-11,2017-06-11,1293,2017
2017-06-12,2017-06-12,824,2017
2017-06-13,2017-06-13,670,2017
2017-06-14,2017-06-14,749,2017
2017-06-15,2017-06-15,810,2017
2017-06-16,2017-06-16,879,2017
2017-06-17,2017-06-17,843,2017
2017-06-18,2017-06-18,1731,2017
2017-06-19,2017-06-19,917,2017
2017-06-20,2017-06-20,679,2017
2017-06-21,2017-06-21,779,2017
2017-06-22,2017-06-22,807,2017
2017-06-23,2017-06-23,946,2017
2017-06-24,2017-06-24,823,2017
2017-06-25,2017-06-25,1481,2017
2017-06-26,2017-06-26,928,2017
2017-06-27,2017-06-27,731,2017
2017-06-28,2017-06-28,455,2017
2017-06-29,2017-06-29,1010,2017
2017-06-30,2017-06-30,1746,2017
2017-07-01,2017-07-01,1020,2017
2017-07-02,2017-07-02,2000,2017
2017-07-03,2017-07-03,1283,2017
2017-07-04,2017-07-04,953,2017
2017-07-05,2017-07-05,979,2017
2017-07-06,2017-07-06,1030,2017
2017-07-07,2017-07-07,1149,2017
2017-07-08,2017-07-08,1002,2017
2017-07-09,2017-07-09,1988,2017
2017-07-10,2017-07-10,1452,2017
2017-07-11,2017-07-11,939,2017
2017-07-12,2017-07-12,962,2017
2017-07-13,2017-07-13,937,2017
2017-07-14,2017-07-14,1076,2017
2017-07-15,2017-07-15,953,2017
2017-07-16,2017-07-16,1736,2017
2017-07-17,2017-07-17,1085,2017
2017-07-18,2017-07-18,810,2017
2017-07-19,2017-07-19,783,2017
2017-07-20,2017-07-20,915,2017
2017-07-21,2017-07-21,861,2017
2017-07-22,2017-07-22,737,2017
2017-07-23,2017-07-23,1218,2017
2017-07-24,2017-07-24,896,2017
2017-07-25,2017-07-25,698,2017
2017-07-26,2017-07-26,740,2017
2017-07-27,2017-07-27,867,2017
2017-07-28,2017-07-28,857,2017
2017-07-29,2017-07-29,810,2017
2017-07-30,2017-07-30,1434,2017
2017-07-31,2017-07-31,1091,2017
2017-08-01,2017-08-01,687,2017
2017-08-02,2017-08-02,674,2017
2017-08-03,2017-08-03,758,2017
2017-08-04,2017-08-04,845,2017
2017-08-05,2017-08-05,810,2017
2017-08-06,2017-08-06,1413,2017
2017-08-07,2017-08-07,979,2017
2017-08-08,2017-08-08,783,2017
2017-08-09,2017-08-09,749,2017
2017-08-10,2017-08-10,813,2017
2017-08-11,2017-08-11,891,2017
2017-08-12,2017-08-12,809,2017
2017-08-13,2017-08-13,1330,2017
2017-08-14,2017-08-14,1045,2017
2017-08-15,2017-08-15,814,2017
2017-08-16,2017-08-16,729,2017
2017-08-17,2017-08-17,745,2017
2017-08-18,2017-08-18,824,2017
2017-08-19,2017-08-19,749,2017
2017-08-20,2017-08-20,1217,2017
2017-08-21,2017-08-21,851,2017
2017-08-22,2017-08-22,643,2017
2017-08-23,2017-08-23,673,2017
2017-08-24,2017-08-24,723,2017
2017-08-25,2017-08-25,745,2017
2017-08-26,2017-08-26,684,2017
2017-08-27,2017-08-27,1122,2017
2017-08-28,2017-08-28,1072,2017
2017-08-29,2017-08-29,780,2017
2017-08-30,2017-08-30,592,2017
2017-08-31,2017-08-31,749,2017
2017-09-01,2017-09-01,702,2017
2017-09-02,2017-09-02,696,2017
2017-09-03,2017-09-03,1030,2017
2017-09-04,2017-09-04,698,2017
2017-09-05,2017-09-05,596,2017
2017-09-06,2017-09-06,608,2017
2017-09-07,2017-09-07,681,2017
2017-09-08,2017-09-08,765,2017
2017-09-09,2017-09-09,798,2017
2017-09-10,2017-09-10,1428,2017
2017-09-11,2017-09-11,840,2017
2017-09-12,2017-09-12,701,2017
2017-09-13,2017-09-13,836,2017
2017-09-14,2017-09-14,977,2017
2017-09-15,2017-09-15,1113,2017
2017-09-16,2017-09-16,997,2017
2017-09-17,2017-09-17,1497,2017
2017-09-18,2017-09-18,932,2017
2017-09-19,2017-09-19,721,2017
2017-09-20,2017-09-20,852,2017
2017-09-21,2017-09-21,858,2017
2017-09-22,2017-09-22,940,2017
2017-09-23,2017-09-23,893,2017
2017-09-24,2017-09-24,1731,2017
2017-09-25,2017-09-25,1195,2017
2017-09-26,2017-09-26,790,2017
2017-09-27,2017-09-27,779,2017
2017-09-28,2017-09-28,896,2017
2017-09-29,2017-09-29,942,2017
2017-09-30,2017-09-30,1032,2017
2017-10-01,2017-10-01,1591,2017
2017-10-02,2017-10-02,1042,2017
2017-10-03,2017-10-03,809,2017
2017-10-04,2017-10-04,801,2017
2017-10-05,2017-10-05,868,2017
2017-10-06,2017-10-06,902,2017
2017-10-07,2017-10-07,834,2017
2017-10-08,2017-10-08,1600,2017
2017-10-09,2017-10-09,982,2017
2017-10-10,2017-10-10,694,2017
2017-10-11,2017-10-11,710,2017
2017-10-12,2017-10-12,797,2017
2017-10-13,2017-10-13,836,2017
2017-10-14,2017-10-14,754,2017
2017-10-15,2017-10-15,1609,2017
2017-10-16,2017-10-16,939,2017
2017-10-17,2017-10-17,651,2017
2017-10-18,2017-10-18,728,2017
2017-10-19,2017-10-19,777,2017
2017-10-20,2017-10-20,779,2017
2017-10-21,2017-10-21,546,2017
2017-10-22,2017-10-22,1157,2017
2017-10-23,2017-10-23,883,2017
2017-10-24,2017-10-24,621,2017
2017-10-25,2017-10-25,626,2017
2017-10-26,2017-10-26,685,2017
2017-10-27,2017-10-27,774,2017
2017-10-28,2017-10-28,687,2017
2017-10-29,2017-10-29,1497,2017
2017-10-30,2017-10-30,926,2017
2017-10-31,2017-10-31,680,2017
2017-11-01,2017-11-01,758,2017
2017-11-02,2017-11-02,727,2017
2017-11-03,2017-11-03,833,2017
2017-11-04,2017-11-04,734,2017
2017-11-05,2017-11-05,1444,2017
2017-11-06,2017-11-06,766,2017
2017-11-07,2017-11-07,487,2017
2017-11-08,2017-11-08,617,2017
2017-11-09,2017-11-09,656,2017
2017-11-10,2017-11-10,645,2017
2017-11-11,2017-11-11,565,2017
2017-11-12,2017-11-12,1364,2017
2017-11-13,2017-11-13,735,2017
2017-11-14,2017-11-14,465,2017
2017-11-15,2017-11-15,556,2017
2017-11-16,2017-11-16,566,2017
2017-11-17,2017-11-17,745,2017
2017-11-18,2017-11-18,638,2017
2017-11-19,2017-11-19,1693,2017
2017-11-20,2017-11-20,854,2017
2017-11-21,2017-11-21,504,2017
2017-11-22,2017-11-22,660,2017
2017-11-23,2017-11-23,700,2017
2017-11-24,2017-11-24,723,2017
2017-11-25,2017-11-25,748,2017
2017-11-26,2017-11-26,1773,2017
2017-11-27,2017-11-27,892,2017
2017-11-28,2017-11-28,560,2017
2017-11-29,2017-11-29,546,2017
2017-11-30,2017-11-30,697,2017
2017-12-01,2017-12-01,751,2017
2017-12-02,2017-12-02,620,2017
2017-12-03,2017-12-03,1694,2017
2017-12-04,2017-12-04,837,2017
2017-12-05,2017-12-05,546,2017
2017-12-06,2017-12-06,640,2017
2017-12-07,2017-12-07,772,2017
2017-12-08,2017-12-08,825,2017
2017-12-09,2017-12-09,800,2017
2017-12-10,2017-12-10,1736,2017
2017-12-11,2017-12-11,939,2017
2017-12-12,2017-12-12,630,2017
2017-12-13,2017-12-13,617,2017
2017-12-14,2017-12-14,730,2017
2017-12-15,2017-12-15,761,2017
2017-12-16,2017-12-16,594,2017
2017-12-17,2017-12-17,1323,2017
2017-12-18,2017-12-18,799,2017
2017-12-19,2017-12-19,622,2017
2017-12-20,2017-12-20,605,2017
2017-12-21,2017-12-21,594,2017
2017-12-22,2017-12-22,658,2017
2017-12-23,2017-12-23,578,2017
2017-12-24,2017-12-24,502,2017
2017-12-25,2017-12-25,185,2017
2017-12-26,2017-12-26,634,2017
2017-12-27,2017-12-27,786,2017
2017-12-28,2017-12-28,677,2017
2017-12-29,2017-12-29,787,2017
2017-12-30,2017-12-30,906,2017
2017-12-31,2017-12-31,792,2017
2018-01-01,2018-01-01,2009,2018
2018-01-02,2018-01-02,1688,2018
2018-01-03,2018-01-03,1050,2018
2018-01-04,2018-01-04,701,2018
2018-01-05,2018-01-05,823,2018
2018-01-06,2018-01-06,664,2018
2018-01-07,2018-01-07,971,2018
2018-01-08,2018-01-08,530,2018
2018-01-09,2018-01-09,358,2018
2018-01-10,2018-01-10,411,2018
2018-01-11,2018-01-11,507,2018
2018-01-12,2018-01-12,634,2018
2018-01-13,2018-01-13,516,2018
2018-01-14,2018-01-14,1075,2018
2018-01-15,2018-01-15,635,2018
2018-01-16,2018-01-16,465,2018
2018-01-17,2018-01-17,520,2018
2018-01-18,2018-01-18,547,2018
2018-01-19,2018-01-19,678,2018
2018-01-20,2018-01-20,553,2018
2018-01-21,2018-01-21,1202,2018
2018-01-22,2018-01-22,683,2018
2018-01-23,2018-01-23,475,2018
2018-01-24,2018-01-24,577,2018
2018-01-25,2018-01-25,697,2018
2018-01-26,2018-01-26,719,2018
2018-01-27,2018-01-27,620,2018
2018-01-28,2018-01-28,1435,2018
2018-01-29,2018-01-29,755,2018
2018-01-30,2018-01-30,534,2018
2018-01-31,2018-01-31,606,2018
2018-02-01,2018-02-01,623,2018
2018-02-02,2018-02-02,638,2018
2018-02-03,2018-02-03,598,2018
2018-02-04,2018-02-04,1267,2018
2018-02-05,2018-02-05,803,2018
2018-02-06,2018-02-06,486,2018
2018-02-07,2018-02-07,576,2018
2018-02-08,2018-02-08,651,2018
2018-02-09,2018-02-09,523,2018
2018-02-10,2018-02-10,533,2018
2018-02-11,2018-02-11,1227,2018
2018-02-12,2018-02-12,676,2018
2018-02-13,2018-02-13,676,2018
2018-02-14,2018-02-14,761,2018
2018-02-15,2018-02-15,814,2018
2018-02-16,2018-02-16,838,2018
2018-02-17,2018-02-17,754,2018
2018-02-18,2018-02-18,1538,2018
2018-02-19,2018-02-19,858,2018
2018-02-20,2018-02-20,553,2018
2018-02-21,2018-02-21,622,2018
2018-02-22,2018-02-22,810,2018
2018-02-23,2018-02-23,955,2018
2018-02-24,2018-02-24,800,2018
2018-02-25,2018-02-25,1701,2018
2018-02-26,2018-02-26,1041,2018
2018-02-27,2018-02-27,628,2018
2018-02-28,2018-02-28,810,2018
2018-03-01,2018-03-01,759,2018
2018-03-02,2018-03-02,813,2018
2018-03-03,2018-03-03,725,2018
2018-03-04,2018-03-04,1431,2018
2018-03-05,2018-03-05,938,2018
2018-03-06,2018-03-06,569,2018
2018-03-07,2018-03-07,691,2018
2018-03-08,2018-03-08,835,2018
2018-03-09,2018-03-09,886,2018
2018-03-10,2018-03-10,792,2018
2018-03-11,2018-03-11,1683,2018
2018-03-12,2018-03-12,986,2018
2018-03-13,2018-03-13,577,2018
2018-03-14,2018-03-14,673,2018
2018-03-15,2018-03-15,815,2018
2018-03-16,2018-03-16,908,2018
2018-03-17,2018-03-17,837,2018
2018-03-18,2018-03-18,1693,2018
2018-03-19,2018-03-19,982,2018
2018-03-20,2018-03-20,631,2018
2018-03-21,2018-03-21,694,2018
2018-03-22,2018-03-22,817,2018
2018-03-23,2018-03-23,915,2018
2018-03-24,2018-03-24,727,2018
2018-03-25,2018-03-25,1569,2018
2018-03-26,2018-03-26,994,2018
2018-03-27,2018-03-27,766,2018
2018-03-28,2018-03-28,844,2018
2018-03-29,2018-03-29,852,2018
2018-03-30,2018-03-30,778,2018
2018-03-31,2018-03-31,922,2018
2018-04-01,2018-04-01,1391,2018
2018-04-02,2018-04-02,1649,2018
2018-04-03,2018-04-03,955,2018
2018-04-04,2018-04-04,890,2018
2018-04-05,2018-04-05,789,2018
2018-04-06,2018-04-06,1075,2018
2018-04-07,2018-04-07,1000,2018
2018-04-08,2018-04-08,1539,2018
2018-04-09,2018-04-09,963,2018
2018-04-10,2018-04-10,688,2018
2018-04-11,2018-04-11,722,2018
2018-04-12,2018-04-12,903,2018
2018-04-13,2018-04-13,1041,2018
2018-04-14,2018-04-14,896,2018
2018-04-15,2018-04-15,1698,2018
2018-04-16,2018-04-16,933,2018
2018-04-17,2018-04-17,567,2018
2018-04-18,2018-04-18,692,2018
2018-04-19,2018-04-19,856,2018
2018-04-20,2018-04-20,1013,2018
2018-04-21,2018-04-21,1048,2018
2018-04-22,2018-04-22,2458,2018
2018-04-23,2018-04-23,1637,2018
2018-04-24,2018-04-24,923,2018
2018-04-25,2018-04-25,1027,2018
2018-04-26,2018-04-26,1060,2018
2018-04-27,2018-04-27,1180,2018
2018-04-28,2018-04-28,1049,2018
2018-04-29,2018-04-29,1925,2018
2018-04-30,2018-04-30,1455,2018
2018-05-01,2018-05-01,1226,2018
2018-05-02,2018-05-02,213,2018
2018-05-03,2018-05-03,1059,2018
2018-05-04,2018-05-04,2152,2018
2018-05-05,2018-05-05,996,2018
2018-05-06,2018-05-06,1868,2018
2018-05-07,2018-05-07,1705,2018
2018-05-08,2018-05-08,872,2018
2018-05-09,2018-05-09,876,2018
2018-05-10,2018-05-10,1019,2018
2018-05-11,2018-05-11,1094,2018
2018-05-12,2018-05-12,1075,2018
2018-05-13,2018-05-13,2011,2018
2018-05-14,2018-05-14,1159,2018
2018-05-15,2018-05-15,897,2018
2018-05-16,2018-05-16,869,2018
2018-05-17,2018-05-17,927,2018
2018-05-18,2018-05-18,993,2018
2018-05-19,2018-05-19,999,2018
2018-05-20,2018-05-20,1974,2018
2018-05-21,2018-05-21,1574,2018
2018-05-22,2018-05-22,1056,2018
2018-05-23,2018-05-23,1257,2018
2018-05-24,2018-05-24,1249,2018
2018-05-25,2018-05-25,1258,2018
2018-05-26,2018-05-26,1149,2018
2018-05-27,2018-05-27,2109,2018
2018-05-28,2018-05-28,1949,2018
2018-05-29,2018-05-29,1091,2018
2018-05-30,2018-05-30,986,2018
2018-05-31,2018-05-31,1157,2018
2018-06-01,2018-06-01,1183,2018
2018-06-02,2018-06-02,1150,2018
2018-06-03,2018-06-03,1976,2018
2018-06-04,2018-06-04,1337,2018
2018-06-05,2018-06-05,864,2018
2018-06-06,2018-06-06,954,2018
2018-06-07,2018-06-07,1118,2018
2018-06-08,2018-06-08,1264,2018
2018-06-09,2018-06-09,1030,2018
2018-06-10,2018-06-10,1940,2018
2018-06-11,2018-06-11,1249,2018
2018-06-12,2018-06-12,992,2018
2018-06-13,2018-06-13,1110,2018
2018-06-14,2018-06-14,1209,2018
2018-06-15,2018-06-15,1433,2018
2018-06-16,2018-06-16,1376,2018
2018-06-17,2018-06-17,2361,2018
2018-06-18,2018-06-18,1385,2018
2018-06-19,2018-06-19,1186,2018
2018-06-20,2018-06-20,1447,2018
2018-06-21,2018-06-21,1436,2018
2018-06-22,2018-06-22,1515,2018
2018-06-23,2018-06-23,1584,2018
2018-06-24,2018-06-24,2659,2018
2018-06-25,2018-06-25,1494,2018
2018-06-26,2018-06-26,1149,2018
2018-06-27,2018-06-27,1270,2018
2018-06-28,2018-06-28,1456,2018
2018-06-29,2018-06-29,1504,2018
2018-06-30,2018-06-30,1658,2018
2018-07-01,2018-07-01,2489,2018
2018-07-02,2018-07-02,1424,2018
2018-07-03,2018-07-03,1219,2018
2018-07-04,2018-07-04,1404,2018
2018-07-05,2018-07-05,1642,2018
2018-07-06,2018-07-06,1748,2018
2018-07-07,2018-07-07,1581,2018
2018-07-08,2018-07-08,2926,2018
2018-07-09,2018-07-09,2083,2018
2018-07-10,2018-07-10,1418,2018
2018-07-11,2018-07-11,1452,2018
2018-07-12,2018-07-12,1588,2018
2018-07-13,2018-07-13,1738,2018
2018-07-14,2018-07-14,1519,2018
2018-07-15,2018-07-15,2954,2018
2018-07-16,2018-07-16,2092,2018
2018-07-17,2018-07-17,1303,2018
2018-07-18,2018-07-18,1399,2018
2018-07-19,2018-07-19,1394,2018
2018-07-20,2018-07-20,1527,2018
2018-07-21,2018-07-21,1216,2018
2018-07-22,2018-07-22,2072,2018
2018-07-23,2018-07-23,1281,2018
2018-07-24,2018-07-24,1198,2018
2018-07-25,2018-07-25,1208,2018
2018-07-26,2018-07-26,1337,2018
2018-07-27,2018-07-27,1499,2018
2018-07-28,2018-07-28,1390,2018
2018-07-29,2018-07-29,2264,2018
2018-07-30,2018-07-30,1516,2018
2018-07-31,2018-07-31,1334,2018
2018-08-01,2018-08-01,1184,2018
2018-08-02,2018-08-02,1243,2018
2018-08-03,2018-08-03,1340,2018
2018-08-04,2018-08-04,1148,2018
2018-08-05,2018-08-05,1944,2018
2018-08-06,2018-08-06,1359,2018
2018-08-07,2018-08-07,1040,2018
2018-08-08,2018-08-08,1161,2018
2018-08-09,2018-08-09,1288,2018
2018-08-10,2018-08-10,1470,2018
2018-08-11,2018-08-11,1179,2018
2018-08-12,2018-08-12,1922,2018
2018-08-13,2018-08-13,1385,2018
2018-08-14,2018-08-14,1195,2018
2018-08-15,2018-08-15,1296,2018
2018-08-16,2018-08-16,1310,2018
2018-08-17,2018-08-17,1380,2018
2018-08-18,2018-08-18,1225,2018
2018-08-19,2018-08-19,2079,2018
2018-08-20,2018-08-20,1413,2018
2018-08-21,2018-08-21,1092,2018
2018-08-22,2018-08-22,1185,2018
2018-08-23,2018-08-23,1229,2018
2018-08-24,2018-08-24,1245,2018
2018-08-25,2018-08-25,1216,2018
2018-08-26,2018-08-26,1930,2018
2018-08-27,2018-08-27,1886,2018
2018-08-28,2018-08-28,1411,2018
2018-08-29,2018-08-29,1065,2018
2018-08-30,2018-08-30,1097,2018
2018-08-31,2018-08-31,1347,2018
2018-09-01,2018-09-01,1112,2018
2018-09-02,2018-09-02,1655,2018
2018-09-03,2018-09-03,1045,2018
2018-09-04,2018-09-04,868,2018
2018-09-05,2018-09-05,1023,2018
2018-09-06,2018-09-06,1084,2018
2018-09-07,2018-09-07,1402,2018
2018-09-08,2018-09-08,1173,2018
2018-09-09,2018-09-09,2206,2018
2018-09-10,2018-09-10,1474,2018
2018-09-11,2018-09-11,1134,2018
2018-09-12,2018-09-12,1256,2018
2018-09-13,2018-09-13,1385,2018
2018-09-14,2018-09-14,1659,2018
2018-09-15,2018-09-15,1452,2018
2018-09-16,2018-09-16,2439,2018
2018-09-17,2018-09-17,1609,2018
2018-09-18,2018-09-18,1173,2018
2018-09-19,2018-09-19,1306,2018
2018-09-20,2018-09-20,1463,2018
2018-09-21,2018-09-21,1682,2018
2018-09-22,2018-09-22,1494,2018
2018-09-23,2018-09-23,2903,2018
2018-09-24,2018-09-24,1785,2018
2018-09-25,2018-09-25,1327,2018
2018-09-26,2018-09-26,1298,2018
2018-09-27,2018-09-27,1514,2018
2018-09-28,2018-09-28,1641,2018
2018-09-29,2018-09-29,1489,2018
2018-09-30,2018-09-30,2888,2018
2018-10-01,2018-10-01,1640,2018
2018-10-02,2018-10-02,1143,2018
2018-10-03,2018-10-03,1245,2018
2018-10-04,2018-10-04,1430,2018
2018-10-05,2018-10-05,1598,2018
2018-10-06,2018-10-06,1526,2018
2018-10-07,2018-10-07,2738,2018
2018-10-08,2018-10-08,1739,2018
2018-10-09,2018-10-09,1245,2018
2018-10-10,2018-10-10,1450,2018
2018-10-11,2018-10-11,1674,2018
2018-10-12,2018-10-12,1727,2018
2018-10-13,2018-10-13,1450,2018
2018-10-14,2018-10-14,2703,2018
2018-10-15,2018-10-15,2027,2018
2018-10-16,2018-10-16,1404,2018
2018-10-17,2018-10-17,1366,2018
2018-10-18,2018-10-18,1412,2018
2018-10-19,2018-10-19,1473,2018
2018-10-20,2018-10-20,1173,2018
2018-10-21,2018-10-21,2496,2018
2018-10-22,2018-10-22,1775,2018
2018-10-23,2018-10-23,1378,2018
2018-10-24,2018-10-24,1314,2018
2018-10-25,2018-10-25,1560,2018
2018-10-26,2018-10-26,1702,2018
2018-10-27,2018-10-27,1492,2018
2018-10-28,2018-10-28,2925,2018
2018-10-29,2018-10-29,1892,2018
2018-10-30,2018-10-30,1312,2018
2018-10-31,2018-10-31,1432,2018
2018-11-01,2018-11-01,1486,2018
2018-11-02,2018-11-02,1644,2018
2018-11-03,2018-11-03,1586,2018
2018-11-04,2018-11-04,3153,2018
2018-11-05,2018-11-05,1628,2018
2018-11-06,2018-11-06,931,2018
2018-11-07,2018-11-07,1186,2018
2018-11-08,2018-11-08,1363,2018
2018-11-09,2018-11-09,1278,2018
2018-11-10,2018-11-10,1176,2018
2018-11-11,2018-11-11,2616,2018
2018-11-12,2018-11-12,1549,2018
2018-11-13,2018-11-13,960,2018
2018-11-14,2018-11-14,1049,2018
2018-11-15,2018-11-15,1338,2018
2018-11-16,2018-11-16,1442,2018
2018-11-17,2018-11-17,1247,2018
2018-11-18,2018-11-18,2877,2018
2018-11-19,2018-11-19,1609,2018
2018-11-20,2018-11-20,1032,2018
2018-11-21,2018-11-21,1073,2018
2018-11-22,2018-11-22,1240,2018
2018-11-23,2018-11-23,1361,2018
2018-11-24,2018-11-24,1375,2018
2018-11-25,2018-11-25,3056,2018
2018-11-26,2018-11-26,1683,2018
2018-11-27,2018-11-27,1097,2018
2018-11-28,2018-11-28,1030,2018
2018-11-29,2018-11-29,1212,2018
2018-11-30,2018-11-30,1587,2018
2018-12-01,2018-12-01,1293,2018
2018-12-02,2018-12-02,2921,2018
2018-12-03,2018-12-03,1616,2018
2018-12-04,2018-12-04,1066,2018
2018-12-05,2018-12-05,1147,2018
2018-12-06,2018-12-06,1369,2018
2018-12-07,2018-12-07,1564,2018
2018-12-08,2018-12-08,1379,2018
2018-12-09,2018-12-09,3166,2018
2018-12-10,2018-12-10,1720,2018
2018-12-11,2018-12-11,1044,2018
2018-12-12,2018-12-12,1101,2018
2018-12-13,2018-12-13,1069,2018
2018-12-14,2018-12-14,1216,2018
2018-12-15,2018-12-15,1151,2018
2018-12-16,2018-12-16,2352,2018
2018-12-17,2018-12-17,1529,2018
2018-12-18,2018-12-18,1052,2018
2018-12-19,2018-12-19,996,2018
2018-12-20,2018-12-20,1081,2018
2018-12-21,2018-12-21,1141,2018
2018-12-22,2018-12-22,990,2018
2018-12-23,2018-12-23,1418,2018
2018-12-24,2018-12-24,961,2018
2018-12-25,2018-12-25,385,2018
2018-12-26,2018-12-26,1253,2018
2018-12-27,2018-12-27,1349,2018
2018-12-28,2018-12-28,1181,2018
2018-12-29,2018-12-29,1322,2018
2018-12-30,2018-12-30,1851,2018
2018-12-31,2018-12-31,1417,2018
2019-01-01,2019-01-01,3167,2019
2019-01-02,2019-01-02,2878,2019
2019-01-03,2019-01-03,1921,2019
2019-01-04,2019-01-04,1555,2019
2019-01-05,2019-01-05,1369,2019
2019-01-06,2019-01-06,1618,2019
2019-01-07,2019-01-07,864,2019
2019-01-08,2019-01-08,671,2019
2019-01-09,2019-01-09,669,2019
2019-01-10,2019-01-10,834,2019
2019-01-11,2019-01-11,935,2019
2019-01-12,2019-01-12,802,2019
2019-01-13,2019-01-13,1637,2019
2019-01-14,2019-01-14,1009,2019
2019-01-15,2019-01-15,724,2019
2019-01-16,2019-01-16,793,2019
2019-01-17,2019-01-17,953,2019
2019-01-18,2019-01-18,1172,2019
2019-01-19,2019-01-19,1002,2019
2019-01-20,2019-01-20,2061,2019
2019-01-21,2019-01-21,1234,2019
2019-01-22,2019-01-22,838,2019
2019-01-23,2019-01-23,909,2019
2019-01-24,2019-01-24,1101,2019
2019-01-25,2019-01-25,1243,2019
2019-01-26,2019-01-26,1085,2019
2019-01-27,2019-01-27,2320,2019
2019-01-28,2019-01-28,1224,2019
2019-01-29,2019-01-29,805,2019
2019-01-30,2019-01-30,888,2019
2019-01-31,2019-01-31,1143,2019
2019-02-01,2019-02-01,1102,2019
2019-02-02,2019-02-02,1003,2019
2019-02-03,2019-02-03,2280,2019
2019-02-04,2019-02-04,1179,2019
2019-02-05,2019-02-05,857,2019
2019-02-06,2019-02-06,1023,2019
2019-02-07,2019-02-07,1181,2019
2019-02-08,2019-02-08,1345,2019
2019-02-09,2019-02-09,1110,2019
2019-02-10,2019-02-10,2465,2019
2019-02-11,2019-02-11,1434,2019
2019-02-12,2019-02-12,955,2019
2019-02-13,2019-02-13,1050,2019
2019-02-14,2019-02-14,1133,2019
2019-02-15,2019-02-15,1316,2019
2019-02-16,2019-02-16,999,2019
2019-02-17,2019-02-17,2163,2019
2019-02-18,2019-02-18,1476,2019
2019-02-19,2019-02-19,1186,2019
2019-02-20,2019-02-20,1205,2019
2019-02-21,2019-02-21,1429,2019
2019-02-22,2019-02-22,1512,2019
2019-02-23,2019-02-23,1445,2019
2019-02-24,2019-02-24,2551,2019
2019-02-25,2019-02-25,1269,2019
2019-02-26,2019-02-26,771,2019
2019-02-27,2019-02-27,972,2019
2019-02-28,2019-02-28,1370,2019
2019-03-01,2019-03-01,1405,2019
2019-03-02,2019-03-02,1242,2019
2019-03-03,2019-03-03,2593,2019
2019-03-04,2019-03-04,1623,2019
2019-03-05,2019-03-05,1122,2019
2019-03-06,2019-03-06,1326,2019
2019-03-07,2019-03-07,1316,2019
2019-03-08,2019-03-08,1522,2019
2019-03-09,2019-03-09,1414,2019
2019-03-10,2019-03-10,3083,2019
2019-03-11,2019-03-11,1718,2019
2019-03-12,2019-03-12,1142,2019
2019-03-13,2019-03-13,1165,2019
2019-03-14,2019-03-14,1458,2019
2019-03-15,2019-03-15,1544,2019
2019-03-16,2019-03-16,1388,2019
2019-03-17,2019-03-17,3078,2019
2019-03-18,2019-03-18,1826,2019
2019-03-19,2019-03-19,1176,2019
2019-03-20,2019-03-20,1299,2019
2019-03-21,2019-03-21,1371,2019
2019-03-22,2019-03-22,1549,2019
2019-03-23,2019-03-23,1521,2019
2019-03-24,2019-03-24,2956,2019
2019-03-25,2019-03-25,1791,2019
2019-03-26,2019-03-26,1271,2019
2019-03-27,2019-03-27,1255,2019
2019-03-28,2019-03-28,1430,2019
2019-03-29,2019-03-29,1514,2019
2019-03-30,2019-03-30,1528,2019
2019-03-31,2019-03-31,3215,2019
2019-04-01,2019-04-01,1811,2019
2019-04-02,2019-04-02,1186,2019
2019-04-03,2019-04-03,1159,2019
2019-04-04,2019-04-04,1336,2019
2019-04-05,2019-04-05,1397,2019
2019-04-06,2019-04-06,1266,2019
2019-04-07,2019-04-07,2616,2019
2019-04-08,2019-04-08,1673,2019
2019-04-09,2019-04-09,1361,2019
2019-04-10,2019-04-10,1530,2019
2019-04-11,2019-04-11,1645,2019
2019-04-12,2019-04-12,1727,2019
2019-04-13,2019-04-13,1650,2019
2019-04-14,2019-04-14,3092,2019
2019-04-15,2019-04-15,2173,2019
2019-04-16,2019-04-16,1551,2019
2019-04-17,2019-04-17,1728,2019
2019-04-18,2019-04-18,1856,2019
2019-04-19,2019-04-19,1745,2019
2019-04-20,2019-04-20,2040,2019
2019-04-21,2019-04-21,2889,2019
2019-04-22,2019-04-22,2579,2019
2019-04-23,2019-04-23,1261,2019
2019-04-24,2019-04-24,974,2019
2019-04-25,2019-04-25,1026,2019
2019-04-26,2019-04-26,1204,2019
2019-04-27,2019-04-27,1236,2019
2019-04-28,2019-04-28,2678,2019
2019-04-29,2019-04-29,1646,2019
2019-04-30,2019-04-30,1054,2019
2019-05-01,2019-05-01,999,2019
2019-05-02,2019-05-02,904,2019
2019-05-03,2019-05-03,818,2019
2019-05-04,2019-05-04,631,2019
2019-05-05,2019-05-05,957,2019
2019-05-06,2019-05-06,309,2019
